Day,Ad name,Ad ID,Delivery,Amount spent (USD),Impressions,Reach,Frequency,"CPM (cost per 1,000 impressions)",Link clicks,Clicks (all),CTR (link click-through rate),CTR (all),3-second video plays,ThruPlays,Video plays at 25%,Video plays at 50%,Video plays at 75%,Video plays at 95%,Video plays at 100%,Video average play time,Adds to cart,Purchases,Purchases conversion value,Ad set name,Landing page views,Checkouts initiated,New customer purchases
2026-03-01,durability-test | ugc-video | creator-01 | bau | trail-boot | lofi | 2026-03-01,120000000001,active,258.94,25136,20149,1.25,10.30,418,626,1.66,2.49,8372,2279,5860,4186,3013,1841,1674,6.0,35,13,1560.27,weekend-hikers,331,17,8
2026-03-01,problem-first | ugc-video | creator-02 | bau | rain-shell | lofi | 2026-03-01,120000000002,active,99.41,10019,7939,1.26,9.92,184,265,1.84,2.64,2506,875,1754,1253,902,551,501,6.8,21,9,770.76,weekend-hikers,151,11,6
2026-03-01,social-proof | static | house | bau | day-pack | polished | 2026-03-01,120000000003,active,156.02,17511,14237,1.23,8.91,208,278,1.19,1.59,,,,,,,,,20,7,796.25,gear-upgraders,180,10,4
2026-03-01,founder-story | founder-video | founder | bau | trail-boot | lofi | 2026-03-01,120000000006,active,95.68,8753,7289,1.20,10.93,115,178,1.31,2.03,1825,682,1277,912,657,401,365,8.9,12,6,595.86,family-campers,92,6,3
2026-03-01,partnership-haul | partnership | creator-03 | bau | day-pack | lofi | 2026-03-01,120000000008,active,122.94,10806,9055,1.19,11.38,110,157,1.02,1.45,2638,839,1846,1319,949,580,527,8.2,8,5,717.13,family-campers,88,5,3
2026-03-01,packing-list | carousel | house | bau | camp-stove | polished | 2026-03-01,120000000009,active,227.95,17047,13021,1.31,13.37,278,401,1.63,2.35,,,,,,,,,30,9,1115.04,family-campers,246,16,7
2026-03-01,weather-ready | ugc-video | creator-04 | bau | rain-shell | lofi | 2026-03-01,120000000010,active,169.51,11819,10332,1.14,14.34,218,318,1.84,2.69,3005,859,2103,1502,1081,661,601,9.0,21,5,540.50,weekend-hikers,185,9,3
2026-03-01,behind-the-seams | founder-video | founder | bau | tent-2p | lofi | 2026-03-01,120000000011,active,233.19,14328,12056,1.19,16.28,232,329,1.62,2.30,3329,,2330,1664,1198,732,665,7.7,26,5,619.52,family-campers,181,13,3
2026-03-01,comparison | static | house | bau | headlamp | polished | 2026-03-01,120000000014,active,344.80,18936,14160,1.34,18.21,237,326,1.25,1.72,,,,,,,,,20,12,1416.17,gear-upgraders,200,12,8
2026-03-01,guarantee | static | house | bau | water-bottle | polished | 2026-03-01,120000000017,active,129.07,10231,8121,1.26,12.62,25,36,0.24,0.35,,,,,,,,,2,0,0.00,gear-upgraders,19,0,0
2026-03-01,before-after | ugc-video | creator-07 | bau | day-pack | lofi | 2026-03-01,120000000018,active,140.75,14102,11715,1.20,9.98,152,212,1.08,1.50,3358,1061,2350,1679,1208,738,671,5.0,13,2,218.13,weekend-hikers,134,7,1
2026-03-01,staff-picks | carousel | house | bau | trail-boot | polished | 2026-03-01,120000000021,active,244.28,18908,14793,1.28,12.92,394,556,2.08,2.94,,,,,,,,,47,11,1528.61,gear-upgraders,319,24,5
2026-03-01,trail-diary | partnership | creator-09 | bau | tent-2p | lofi | 2026-03-01,120000000022,active,119.69,11983,10449,1.15,9.99,217,301,1.81,2.51,3281,1085,2296,1640,1181,721,656,7.1,23,5,584.09,family-campers,176,12,2
2026-03-01,problem-cold-feet | ugc-video | creator-10 | bau | sleeping-bag | lofi | 2026-03-01,120000000023,active,154.78,10059,8144,1.24,15.39,174,240,1.73,2.39,3192,939,2234,1596,1149,702,638,4.1,19,5,562.35,weekend-hikers,155,10,2
2026-03-01,social-proof-reviews | static | house | bau | rain-shell | polished | 2026-03-01,120000000026,active,101.29,9733,7617,1.28,10.41,167,218,1.72,2.24,,,,,,,,,18,3,401.08,gear-upgraders,146,10,2
2026-03-01,fix-it-yourself | ugc-video | creator-12 | bau | camp-stove | lofi | 2026-03-01,120000000028,active,84.57,7669,6689,1.15,11.03,117,167,1.53,2.18,1972,602,1380,986,709,433,394,7.5,10,2,297.06,family-campers,95,5,1
2026-03-02,durability-test | ugc-video | creator-01 | bau | trail-boot | lofi | 2026-03-01,120000000001,active,313.98,29452,21776,1.35,10.66,569,844,1.93,2.87,9321,2791,6524,4660,3355,2050,1864,7.2,48,14,1737.72,weekend-hikers,451,25,8
2026-03-02,problem-first | ugc-video | creator-02 | bau | rain-shell | lofi | 2026-03-01,120000000002,active,89.89,8593,6523,1.32,10.46,144,209,1.68,2.43,2303,831,1612,1151,829,506,460,5.5,12,5,403.04,weekend-hikers,126,6,3
2026-03-02,social-proof | static | house | bau | day-pack | polished | 2026-03-01,120000000003,active,104.85,12809,10375,1.23,8.19,154,206,1.20,1.61,,,,,,,,,14,4,556.61,gear-upgraders,124,7,3
2026-03-02,founder-story | founder-video | founder | bau | trail-boot | lofi | 2026-03-01,120000000006,active,81.49,8171,6690,1.22,9.97,102,153,1.25,1.87,1722,630,1205,861,619,378,344,8.0,8,4,374.11,family-campers,80,4,2
2026-03-02,partnership-haul | partnership | creator-03 | bau | day-pack | lofi | 2026-03-01,120000000008,active,111.56,9612,8179,1.18,11.61,112,146,1.17,1.52,2369,681,1658,1184,852,521,473,5.0,11,5,845.24,family-campers,90,5,3
2026-03-02,packing-list | carousel | house | bau | camp-stove | polished | 2026-03-01,120000000009,active,201.60,14922,11809,1.26,13.51,201,276,1.35,1.85,,,,,,,,,16,8,973.81,family-campers,167,8,5
2026-03-02,weather-ready | ugc-video | creator-04 | bau | rain-shell | lofi | 2026-03-01,120000000010,active,225.44,14328,12131,1.18,15.73,279,398,1.95,2.78,3714,1131,2599,1857,1337,817,742,4.0,23,5,516.80,weekend-hikers,230,10,3
2026-03-02,behind-the-seams | founder-video | founder | bau | tent-2p | lofi | 2026-03-01,120000000011,active,244.57,16393,13906,1.18,14.92,275,375,1.68,2.29,3851,,2695,1925,1386,847,770,5.7,26,10,1819.94,family-campers,230,12,6
2026-03-02,comparison | static | house | bau | headlamp | polished | 2026-03-01,120000000014,active,343.49,21827,16736,1.30,15.74,371,535,1.70,2.45,,,,,,,,,33,6,747.78,gear-upgraders,312,18,3
2026-03-02,guarantee | static | house | bau | water-bottle | polished | 2026-03-01,120000000017,active,106.15,8919,6941,1.28,11.90,22,32,0.25,0.36,,,,,,,,,2,0,0.00,gear-upgraders,18,1,0
2026-03-02,before-after | ugc-video | creator-07 | bau | day-pack | lofi | 2026-03-01,120000000018,active,131.70,13479,11285,1.19,9.77,153,222,1.14,1.65,3922,1318,2745,1961,1411,862,784,5.5,16,4,422.53,weekend-hikers,129,9,2
2026-03-02,staff-picks | carousel | house | bau | trail-boot | polished | 2026-03-01,120000000021,active,239.91,20908,16297,1.28,11.47,288,438,1.38,2.09,,,,,,,,,25,11,1836.70,gear-upgraders,228,14,6
2026-03-02,trail-diary | partnership | creator-09 | bau | tent-2p | lofi | 2026-03-01,120000000022,active,125.45,11524,10058,1.15,10.89,220,310,1.91,2.69,3047,1008,2132,1523,1096,670,609,7.2,22,5,588.33,family-campers,188,12,3
2026-03-02,problem-cold-feet | ugc-video | creator-10 | bau | sleeping-bag | lofi | 2026-03-01,120000000023,active,140.97,10017,8057,1.24,14.07,164,218,1.64,2.18,2903,1043,2032,1451,1045,638,580,7.3,15,3,259.46,weekend-hikers,142,7,2
2026-03-02,social-proof-reviews | static | house | bau | rain-shell | polished | 2026-03-01,120000000026,active,89.20,7468,5628,1.33,11.94,156,210,2.09,2.81,,,,,,,,,12,3,429.68,gear-upgraders,129,5,2
2026-03-02,fix-it-yourself | ugc-video | creator-12 | bau | camp-stove | lofi | 2026-03-01,120000000028,active,79.57,6947,5833,1.19,11.45,116,163,1.67,2.35,1645,542,1151,822,592,361,329,5.2,10,1,128.68,family-campers,102,5,1
2026-03-03,durability-test | ugc-video | creator-01 | bau | trail-boot | lofi | 2026-03-01,120000000001,active,240.85,23009,16569,1.39,10.47,470,691,2.04,3.00,6566,1772,4596,3283,2363,1444,1313,5.5,50,11,1183.87,weekend-hikers,385,23,7
2026-03-03,problem-first | ugc-video | creator-02 | bau | rain-shell | lofi | 2026-03-01,120000000002,active,89.99,8351,6368,1.31,10.78,158,236,1.89,2.83,2186,695,1530,1093,786,480,437,4.9,12,5,398.49,weekend-hikers,128,6,3
2026-03-03,social-proof | static | house | bau | day-pack | polished | 2026-03-01,120000000003,active,131.16,15668,12687,1.23,8.37,175,232,1.12,1.48,,,,,,,,,20,6,926.09,gear-upgraders,155,11,3
2026-03-03,founder-story | founder-video | founder | bau | trail-boot | lofi | 2026-03-01,120000000006,active,72.41,6876,5640,1.22,10.53,78,113,1.13,1.64,1441,502,1008,720,518,317,288,6.9,8,2,186.48,family-campers,65,4,1
2026-03-03,partnership-haul | partnership | creator-03 | bau | day-pack | lofi | 2026-03-01,120000000008,active,119.56,10435,9056,1.15,11.46,105,139,1.01,1.33,2617,769,1831,1308,942,575,523,5.0,9,3,420.90,family-campers,89,4,2
2026-03-03,packing-list | carousel | house | bau | camp-stove | polished | 2026-03-01,120000000009,active,244.26,18696,14643,1.28,13.06,304,442,1.63,2.36,,,,,,,,,25,11,1199.04,family-campers,240,13,6
2026-03-03,weather-ready | ugc-video | creator-04 | bau | rain-shell | lofi | 2026-03-01,120000000010,active,157.54,11024,9223,1.20,14.29,216,304,1.96,2.76,3064,888,2144,1532,1103,674,612,8.2,19,5,545.79,weekend-hikers,179,10,3
2026-03-03,behind-the-seams | founder-video | founder | bau | tent-2p | lofi | 2026-03-01,120000000011,active,213.61,13729,11698,1.17,15.56,209,287,1.52,2.09,3395,,2376,1697,1222,746,679,7.6,24,2,269.70,family-campers,168,10,1
2026-03-03,comparison | static | house | bau | headlamp | polished | 2026-03-01,120000000014,active,312.97,20253,15180,1.33,15.45,345,457,1.70,2.26,,,,,,,,,37,18,2038.35,gear-upgraders,272,19,8
2026-03-03,guarantee | static | house | bau | water-bottle | polished | 2026-03-01,120000000017,active,131.65,10670,8152,1.31,12.34,28,39,0.26,0.37,,,,,,,,,3,0,0.00,gear-upgraders,23,1,0
2026-03-03,before-after | ugc-video | creator-07 | bau | day-pack | lofi | 2026-03-01,120000000018,active,139.78,14066,11735,1.20,9.94,148,209,1.05,1.49,4125,1353,2887,2062,1485,907,825,6.3,12,3,378.91,weekend-hikers,129,6,2
2026-03-03,staff-picks | carousel | house | bau | trail-boot | polished | 2026-03-01,120000000021,active,203.79,17478,13588,1.29,11.66,296,442,1.69,2.53,,,,,,,,,30,8,1208.33,gear-upgraders,255,15,3
2026-03-03,trail-diary | partnership | creator-09 | bau | tent-2p | lofi | 2026-03-01,120000000022,active,100.24,10086,8634,1.17,9.94,185,270,1.83,2.68,2868,1048,2007,1434,1032,630,573,5.2,17,3,443.41,family-campers,151,10,1
2026-03-03,problem-cold-feet | ugc-video | creator-10 | bau | sleeping-bag | lofi | 2026-03-01,120000000023,active,204.34,13390,10720,1.25,15.26,217,299,1.62,2.23,3697,1353,2587,1848,1330,813,739,5.5,20,6,721.83,weekend-hikers,192,9,3
2026-03-03,social-proof-reviews | static | house | bau | rain-shell | polished | 2026-03-01,120000000026,active,108.42,9693,7354,1.32,11.19,173,224,1.78,2.31,,,,,,,,,19,4,593.99,gear-upgraders,137,9,3
2026-03-03,fix-it-yourself | ugc-video | creator-12 | bau | camp-stove | lofi | 2026-03-01,120000000028,active,80.37,7204,5999,1.20,11.16,144,206,2.00,2.86,1746,567,1222,873,628,384,349,8.4,12,3,382.22,family-campers,122,6,1
2026-03-04,durability-test | ugc-video | creator-01 | bau | trail-boot | lofi | 2026-03-01,120000000001,active,240.27,23321,15689,1.49,10.30,391,561,1.68,2.41,7175,1997,5022,3587,2583,1578,1435,6.1,44,11,1021.01,weekend-hikers,341,25,5
2026-03-04,problem-first | ugc-video | creator-02 | bau | rain-shell | lofi | 2026-03-01,120000000002,active,91.96,9106,7014,1.30,10.10,173,245,1.90,2.69,2183,748,1528,1091,785,480,436,8.9,17,7,489.88,weekend-hikers,140,8,5
2026-03-04,social-proof | static | house | bau | day-pack | polished | 2026-03-01,120000000003,active,151.08,15355,12373,1.24,9.84,171,243,1.11,1.58,,,,,,,,,17,7,966.68,gear-upgraders,138,8,5
2026-03-04,founder-story | founder-video | founder | bau | trail-boot | lofi | 2026-03-01,120000000006,active,81.98,7652,6239,1.23,10.71,88,119,1.15,1.56,1467,489,1026,733,528,322,293,6.3,9,3,195.53,family-campers,72,5,2
2026-03-04,partnership-haul | partnership | creator-03 | bau | day-pack | lofi | 2026-03-01,120000000008,active,94.81,9030,7815,1.16,10.50,98,128,1.09,1.42,2300,691,1610,1150,828,506,460,4.1,11,3,574.53,family-campers,84,6,2
2026-03-04,packing-list | carousel | house | bau | camp-stove | polished | 2026-03-01,120000000009,active,236.30,17001,13258,1.28,13.90,319,464,1.88,2.73,,,,,,,,,32,12,1390.90,family-campers,283,17,5
2026-03-04,weather-ready | ugc-video | creator-04 | bau | rain-shell | lofi | 2026-03-01,120000000010,active,211.64,13128,11299,1.16,16.12,256,346,1.95,2.64,3303,890,2312,1651,1189,726,660,4.9,22,7,558.82,weekend-hikers,211,10,4
2026-03-04,behind-the-seams | founder-video | founder | bau | tent-2p | lofi | 2026-03-01,120000000011,active,255.87,15699,13445,1.17,16.30,250,354,1.59,2.25,3394,,2375,1697,1221,746,678,6.7,20,11,1808.45,family-campers,205,11,7
2026-03-04,comparison | static | house | bau | headlamp | polished | 2026-03-01,120000000014,active,404.07,23977,18145,1.32,16.85,412,562,1.72,2.34,,,,,,,,,42,18,1812.10,gear-upgraders,349,23,10
2026-03-04,guarantee | static | house | bau | water-bottle | polished | 2026-03-01,120000000017,active,117.37,9363,7199,1.30,12.54,23,33,0.25,0.35,,,,,,,,,2,0,0.00,gear-upgraders,18,1,0
2026-03-04,before-after | ugc-video | creator-07 | bau | day-pack | lofi | 2026-03-01,120000000018,active,164.54,15647,13087,1.20,10.52,154,219,0.98,1.40,4201,1472,2940,2100,1512,924,840,5.9,16,2,244.48,weekend-hikers,124,9,1
2026-03-04,staff-picks | carousel | house | bau | trail-boot | polished | 2026-03-01,120000000021,active,273.15,22279,16956,1.31,12.26,332,486,1.49,2.18,,,,,,,,,36,12,2324.08,gear-upgraders,290,18,8
2026-03-04,trail-diary | partnership | creator-09 | bau | tent-2p | lofi | 2026-03-01,120000000022,active,114.78,10812,9105,1.19,10.62,191,274,1.77,2.53,2748,838,1923,1374,989,604,549,8.9,21,5,563.34,family-campers,154,10,3
2026-03-04,problem-cold-feet | ugc-video | creator-10 | bau | sleeping-bag | lofi | 2026-03-01,120000000023,active,179.34,12119,9724,1.25,14.80,208,273,1.72,2.25,3342,1139,2339,1671,1203,735,668,6.0,24,6,658.79,weekend-hikers,163,13,3
2026-03-04,social-proof-reviews | static | house | bau | rain-shell | polished | 2026-03-01,120000000026,active,117.78,10290,7783,1.32,11.45,193,259,1.88,2.52,,,,,,,,,20,6,737.87,gear-upgraders,161,10,3
2026-03-04,fix-it-yourself | ugc-video | creator-12 | bau | camp-stove | lofi | 2026-03-01,120000000028,active,91.19,7650,6574,1.16,11.92,132,170,1.73,2.22,1909,666,1336,954,687,419,381,8.9,13,2,244.13,family-campers,112,7,1
2026-03-05,durability-test | ugc-video | creator-01 | bau | trail-boot | lofi | 2026-03-01,120000000001,active,294.35,25927,16656,1.56,11.35,548,809,2.11,3.12,7373,2235,5161,3686,2654,1622,1474,7.0,60,9,825.73,weekend-hikers,456,28,5
2026-03-05,problem-first | ugc-video | creator-02 | bau | rain-shell | lofi | 2026-03-01,120000000002,active,89.87,9459,7308,1.29,9.50,160,228,1.69,2.41,2718,975,1902,1359,978,597,543,5.3,15,6,478.24,weekend-hikers,132,7,3
2026-03-05,social-proof | static | house | bau | day-pack | polished | 2026-03-01,120000000003,active,102.59,12619,10046,1.26,8.13,160,218,1.27,1.73,,,,,,,,,14,7,886.45,gear-upgraders,141,8,3
2026-03-05,founder-story | founder-video | founder | bau | trail-boot | lofi | 2026-03-01,120000000006,active,82.57,7970,6617,1.20,10.36,81,119,1.02,1.49,1493,556,1045,746,537,328,298,7.1,8,3,235.07,family-campers,64,4,2
2026-03-05,partnership-haul | partnership | creator-03 | bau | day-pack | lofi | 2026-03-01,120000000008,active,78.01,6949,5742,1.21,11.23,76,102,1.09,1.47,1598,536,1118,799,575,351,319,4.0,8,3,504.97,family-campers,60,3,2
2026-03-05,packing-list | carousel | house | bau | camp-stove | polished | 2026-03-01,120000000009,active,266.24,19161,14710,1.30,13.89,353,490,1.84,2.56,,,,,,,,,32,14,1457.35,family-campers,297,17,10
2026-03-05,weather-ready | ugc-video | creator-04 | bau | rain-shell | lofi | 2026-03-01,120000000010,active,184.64,11697,9767,1.20,15.79,184,261,1.57,2.23,2723,749,1906,1361,980,599,544,8.1,20,5,530.02,weekend-hikers,157,9,2
2026-03-05,behind-the-seams | founder-video | founder | bau | tent-2p | lofi | 2026-03-01,120000000011,active,192.38,12397,10442,1.19,15.52,178,240,1.44,1.94,2869,,2008,1434,1032,631,573,5.5,19,6,1117.74,family-campers,155,11,4
2026-03-05,comparison | static | house | bau | headlamp | polished | 2026-03-01,120000000014,active,331.70,20414,15687,1.30,16.25,382,553,1.87,2.71,,,,,,,,,36,11,1244.52,gear-upgraders,315,17,6
2026-03-05,guarantee | static | house | bau | water-bottle | polished | 2026-03-01,120000000017,active,80.98,6784,5164,1.31,11.94,14,20,0.21,0.29,,,,,,,,,1,0,0.00,gear-upgraders,10,0,0
2026-03-05,before-after | ugc-video | creator-07 | bau | day-pack | lofi | 2026-03-01,120000000018,active,153.39,14129,11612,1.22,10.86,156,228,1.10,1.61,3558,1288,2490,1779,1280,782,711,8.6,15,3,304.90,weekend-hikers,121,8,2
2026-03-05,staff-picks | carousel | house | bau | trail-boot | polished | 2026-03-01,120000000021,active,300.94,23839,18341,1.30,12.62,354,522,1.48,2.19,,,,,,,,,39,14,2606.39,gear-upgraders,276,18,9
2026-03-05,trail-diary | partnership | creator-09 | bau | tent-2p | lofi | 2026-03-01,120000000022,active,102.67,10066,8804,1.14,10.20,159,218,1.58,2.17,2552,812,1786,1276,918,561,510,5.3,18,3,357.55,family-campers,141,10,2
2026-03-05,problem-cold-feet | ugc-video | creator-10 | bau | sleeping-bag | lofi | 2026-03-01,120000000023,active,172.50,11241,9009,1.25,15.35,178,236,1.58,2.10,3250,1247,2275,1625,1170,715,650,5.6,21,3,347.19,weekend-hikers,153,11,2
2026-03-05,social-proof-reviews | static | house | bau | rain-shell | polished | 2026-03-01,120000000026,active,98.69,9826,7521,1.31,10.04,177,246,1.80,2.50,,,,,,,,,18,5,682.37,gear-upgraders,152,9,3
2026-03-05,fix-it-yourself | ugc-video | creator-12 | bau | camp-stove | lofi | 2026-03-01,120000000028,active,74.58,6578,5708,1.15,11.34,108,155,1.64,2.36,1548,493,1083,774,557,340,309,6.6,12,2,287.22,family-campers,86,5,1
2026-03-06,durability-test | ugc-video | creator-01 | bau | trail-boot | lofi | 2026-03-01,120000000001,active,210.96,18694,11551,1.62,11.28,374,539,2.00,2.88,4824,1144,3376,2412,1736,1061,964,8.1,39,15,1650.84,weekend-hikers,292,21,9
2026-03-06,problem-first | ugc-video | creator-02 | bau | rain-shell | lofi | 2026-03-01,120000000002,active,110.89,10373,8057,1.29,10.69,208,293,2.01,2.82,2644,918,1850,1322,951,581,528,6.2,18,7,600.90,weekend-hikers,163,9,4
2026-03-06,social-proof | static | house | bau | day-pack | polished | 2026-03-01,120000000003,active,152.38,16471,13302,1.24,9.25,230,294,1.40,1.78,,,,,,,,,25,14,1784.43,gear-upgraders,181,14,9
2026-03-06,founder-story | founder-video | founder | bau | trail-boot | lofi | 2026-03-01,120000000006,active,68.45,7244,5966,1.21,9.45,92,138,1.27,1.91,1465,528,1025,732,527,322,293,6.7,10,3,274.30,family-campers,75,5,1
2026-03-06,new-drop | carousel | house | launch | sleeping-bag | polished | 2026-03-06,120000000007,active,106.34,11661,8846,1.32,9.12,128,191,1.10,1.64,,,,,,,,,15,4,444.31,broad-prospecting,114,8,3
2026-03-06,partnership-haul | partnership | creator-03 | bau | day-pack | lofi | 2026-03-01,120000000008,active,89.21,7905,6638,1.19,11.28,97,132,1.23,1.67,1898,567,1328,949,683,417,379,7.8,10,4,588.81,family-campers,86,4,2
2026-03-06,packing-list | carousel | house | bau | camp-stove | polished | 2026-03-01,120000000009,active,183.30,14494,11256,1.29,12.65,171,244,1.18,1.68,,,,,,,,,15,3,403.21,family-campers,134,7,1
2026-03-06,weather-ready | ugc-video | creator-04 | bau | rain-shell | lofi | 2026-03-01,120000000010,active,215.04,15243,12762,1.19,14.11,232,333,1.52,2.18,4153,1235,2907,2076,1495,913,830,4.8,20,5,589.40,weekend-hikers,191,11,3
2026-03-06,behind-the-seams | founder-video | founder | bau | tent-2p | lofi | 2026-03-01,120000000011,active,197.64,11780,9798,1.20,16.78,179,244,1.52,2.07,2719,,1903,1359,978,598,543,6.4,21,8,1267.16,family-campers,144,12,5
2026-03-06,comparison | static | house | bau | headlamp | polished | 2026-03-01,120000000014,active,363.28,21398,16147,1.33,16.98,379,511,1.77,2.39,,,,,,,,,34,16,2068.85,gear-upgraders,308,16,10
2026-03-06,guarantee | static | house | bau | water-bottle | polished | 2026-03-01,120000000017,active,80.20,6378,4901,1.30,12.57,11,15,0.17,0.24,,,,,,,,,1,0,0.00,gear-upgraders,9,0,0
2026-03-06,before-after | ugc-video | creator-07 | bau | day-pack | lofi | 2026-03-01,120000000018,active,135.06,13582,10885,1.25,9.94,128,185,0.94,1.36,3678,1250,2574,1839,1324,809,735,6.3,11,4,548.22,weekend-hikers,111,5,2
2026-03-06,staff-picks | carousel | house | bau | trail-boot | polished | 2026-03-01,120000000021,active,230.28,18492,13806,1.34,12.45,331,471,1.79,2.55,,,,,,,,,28,13,2101.28,gear-upgraders,275,14,9
2026-03-06,trail-diary | partnership | creator-09 | bau | tent-2p | lofi | 2026-03-01,120000000022,active,73.31,6963,5855,1.19,10.53,137,199,1.97,2.86,1835,618,1284,917,660,403,367,6.2,12,4,494.65,family-campers,108,5,2
2026-03-06,problem-cold-feet | ugc-video | creator-10 | bau | sleeping-bag | lofi | 2026-03-01,120000000023,active,182.20,12573,9976,1.26,14.49,218,283,1.73,2.25,3659,1179,2561,1829,1317,804,731,6.2,18,6,661.36,weekend-hikers,173,8,2
2026-03-06,social-proof-reviews | static | house | bau | rain-shell | polished | 2026-03-01,120000000026,active,107.41,9722,7464,1.30,11.05,153,214,1.57,2.20,,,,,,,,,15,5,868.50,gear-upgraders,129,7,3
2026-03-06,fix-it-yourself | ugc-video | creator-12 | bau | camp-stove | lofi | 2026-03-01,120000000028,active,85.95,7481,6423,1.16,11.49,122,174,1.63,2.33,1840,547,1288,920,662,404,368,6.3,12,2,273.98,family-campers,107,6,1
2026-03-07,durability-test | ugc-video | creator-01 | bau | trail-boot | lofi | 2026-03-01,120000000001,active,243.12,20775,12417,1.67,11.70,408,598,1.96,2.88,5995,1622,4196,2997,2158,1318,1199,5.2,35,13,1375.42,weekend-hikers,352,17,7
2026-03-07,problem-first | ugc-video | creator-02 | bau | rain-shell | lofi | 2026-03-01,120000000002,active,112.13,11361,8756,1.30,9.87,191,277,1.68,2.44,3175,1093,2222,1587,1143,698,635,6.4,22,6,517.43,weekend-hikers,164,12,3
2026-03-07,social-proof | static | house | bau | day-pack | polished | 2026-03-01,120000000003,active,165.64,16462,13077,1.26,10.06,197,260,1.20,1.58,,,,,,,,,20,6,829.69,gear-upgraders,161,11,4
2026-03-07,founder-story | founder-video | founder | bau | trail-boot | lofi | 2026-03-01,120000000006,active,81.44,8751,7273,1.20,9.31,100,144,1.14,1.65,1593,571,1115,796,573,350,318,8.1,10,2,159.66,family-campers,87,4,1
2026-03-07,new-drop | carousel | house | launch | sleeping-bag | polished | 2026-03-06,120000000007,active,165.15,16591,12752,1.30,9.95,198,270,1.19,1.63,,,,,,,,,18,3,312.68,broad-prospecting,174,10,2
2026-03-07,partnership-haul | partnership | creator-03 | bau | day-pack | lofi | 2026-03-01,120000000008,active,111.39,11052,9468,1.17,10.08,107,142,0.97,1.28,2804,882,1962,1402,1009,616,560,4.9,10,4,635.66,family-campers,93,5,2
2026-03-07,packing-list | carousel | house | bau | camp-stove | polished | 2026-03-01,120000000009,active,261.65,17454,13565,1.29,14.99,225,322,1.29,1.84,,,,,,,,,20,7,922.60,family-campers,182,11,4
2026-03-07,weather-ready | ugc-video | creator-04 | bau | rain-shell | lofi | 2026-03-01,120000000010,active,194.81,12929,10932,1.18,15.07,247,357,1.91,2.76,3469,890,2428,1734,1248,763,693,7.9,21,6,609.21,weekend-hikers,194,9,3
2026-03-07,behind-the-seams | founder-video | founder | bau | tent-2p | lofi | 2026-03-01,120000000011,active,229.13,15108,12598,1.20,15.17,250,342,1.65,2.26,3515,,2460,1757,1265,773,703,6.5,27,9,1431.71,family-campers,221,12,3
2026-03-07,comparison | static | house | bau | headlamp | polished | 2026-03-01,120000000014,active,290.38,17426,12897,1.35,16.66,291,401,1.67,2.30,,,,,,,,,31,15,1953.40,gear-upgraders,260,15,6
2026-03-07,guarantee | static | house | bau | water-bottle | polished | 2026-03-01,120000000017,active,129.29,10192,7908,1.29,12.69,26,40,0.26,0.39,,,,,,,,,2,0,0.00,gear-upgraders,21,1,0
2026-03-07,before-after | ugc-video | creator-07 | bau | day-pack | lofi | 2026-03-01,120000000018,active,143.73,13972,11332,1.23,10.29,152,206,1.09,1.47,4158,1561,2910,2079,1496,914,831,4.3,14,4,539.52,weekend-hikers,136,6,2
2026-03-07,staff-picks | carousel | house | bau | trail-boot | polished | 2026-03-01,120000000021,active,311.96,24545,18691,1.31,12.71,362,531,1.47,2.16,,,,,,,,,36,15,2291.93,gear-upgraders,325,19,6
2026-03-07,trail-diary | partnership | creator-09 | bau | tent-2p | lofi | 2026-03-01,120000000022,active,109.77,10253,8699,1.18,10.71,132,186,1.29,1.81,2364,839,1654,1182,851,520,472,5.0,11,3,367.27,family-campers,109,6,2
2026-03-07,problem-cold-feet | ugc-video | creator-10 | bau | sleeping-bag | lofi | 2026-03-01,120000000023,active,182.79,11733,9229,1.27,15.58,181,239,1.54,2.04,3129,1014,2190,1564,1126,688,625,4.2,21,5,504.50,weekend-hikers,161,12,3
2026-03-07,social-proof-reviews | static | house | bau | rain-shell | polished | 2026-03-01,120000000026,active,105.65,10025,7742,1.29,10.54,185,252,1.85,2.51,,,,,,,,,18,5,923.96,gear-upgraders,150,9,2
2026-03-07,fix-it-yourself | ugc-video | creator-12 | bau | camp-stove | lofi | 2026-03-01,120000000028,active,84.25,7268,6263,1.16,11.59,112,159,1.54,2.19,1762,667,1233,881,634,387,352,7.4,11,2,251.39,family-campers,89,5,1
2026-03-08,durability-test | ugc-video | creator-01 | bau | trail-boot | lofi | 2026-03-01,120000000001,active,276.63,24815,14165,1.75,11.15,378,558,1.52,2.25,6964,2064,4874,3482,2507,1532,1392,5.8,43,14,1127.62,weekend-hikers,321,24,9
2026-03-08,problem-first | ugc-video | creator-02 | bau | rain-shell | lofi | 2026-03-01,120000000002,active,97.24,9028,6861,1.32,10.77,177,258,1.96,2.86,2503,867,1752,1251,901,550,500,5.2,14,6,477.99,weekend-hikers,141,6,4
2026-03-08,social-proof | static | house | bau | day-pack | polished | 2026-03-01,120000000003,active,135.65,14884,11784,1.26,9.11,175,239,1.18,1.61,,,,,,,,,20,10,1558.23,gear-upgraders,141,10,7
2026-03-08,founder-story | founder-video | founder | bau | trail-boot | lofi | 2026-03-01,120000000006,active,69.98,6239,5077,1.23,11.22,77,116,1.23,1.86,1311,471,917,655,471,288,262,4.3,7,3,236.35,family-campers,64,3,2
2026-03-08,new-drop | carousel | house | launch | sleeping-bag | polished | 2026-03-06,120000000007,active,108.02,11695,8744,1.34,9.24,120,178,1.03,1.52,,,,,,,,,11,3,334.09,broad-prospecting,98,4,1
2026-03-08,partnership-haul | partnership | creator-03 | bau | day-pack | lofi | 2026-03-01,120000000008,active,110.50,9146,7792,1.17,12.08,105,139,1.15,1.52,2085,631,1459,1042,750,458,417,6.6,11,4,652.95,family-campers,92,5,2
2026-03-08,packing-list | carousel | house | bau | camp-stove | polished | 2026-03-01,120000000009,active,285.81,21033,16322,1.29,13.59,314,445,1.49,2.12,,,,,,,,,31,7,905.87,family-campers,255,17,4
2026-03-08,weather-ready | ugc-video | creator-04 | bau | rain-shell | lofi | 2026-03-01,120000000010,active,192.19,11850,9994,1.19,16.22,183,261,1.54,2.20,3167,798,2216,1583,1140,696,633,4.8,17,3,327.85,weekend-hikers,157,9,2
2026-03-08,behind-the-seams | founder-video | founder | bau | tent-2p | lofi | 2026-03-01,120000000011,active,255.78,15320,12796,1.20,16.70,288,391,1.88,2.55,3041,,2128,1520,1094,669,608,4.8,25,11,1687.63,family-campers,228,13,7
2026-03-08,comparison | static | house | bau | headlamp | polished | 2026-03-01,120000000014,active,365.60,20020,15119,1.32,18.26,314,446,1.57,2.23,,,,,,,,,36,7,722.03,gear-upgraders,255,16,4
2026-03-08,guarantee | static | house | bau | water-bottle | polished | 2026-03-01,120000000017,active,128.19,10034,7597,1.32,12.78,27,40,0.27,0.40,,,,,,,,,2,0,0.00,gear-upgraders,21,1,0
2026-03-08,before-after | ugc-video | creator-07 | bau | day-pack | lofi | 2026-03-01,120000000018,active,140.38,14273,11728,1.22,9.84,160,230,1.12,1.61,3833,1368,2683,1916,1379,843,766,7.8,13,2,242.64,weekend-hikers,126,6,1
2026-03-08,staff-picks | carousel | house | bau | trail-boot | polished | 2026-03-01,120000000021,active,262.91,20620,15782,1.31,12.75,372,526,1.80,2.55,,,,,,,,,36,14,2286.38,gear-upgraders,296,20,6
2026-03-08,trail-diary | partnership | creator-09 | bau | tent-2p | lofi | 2026-03-01,120000000022,active,103.19,10013,8311,1.20,10.31,163,226,1.63,2.26,2466,824,1726,1233,887,542,493,7.3,14,7,995.96,family-campers,138,7,4
2026-03-08,problem-cold-feet | ugc-video | creator-10 | bau | sleeping-bag | lofi | 2026-03-01,120000000023,active,191.39,12911,10277,1.26,14.82,193,250,1.49,1.94,3543,1281,2480,1771,1275,779,708,4.1,15,5,518.73,weekend-hikers,163,8,2
2026-03-08,social-proof-reviews | static | house | bau | rain-shell | polished | 2026-03-01,120000000026,active,112.63,9603,7123,1.35,11.73,160,207,1.67,2.16,,,,,,,,,14,7,940.09,gear-upgraders,143,7,5
2026-03-08,fix-it-yourself | ugc-video | creator-12 | bau | camp-stove | lofi | 2026-03-01,120000000028,active,70.74,6591,5641,1.17,10.73,99,139,1.50,2.11,1702,610,1191,851,612,374,340,4.6,10,2,283.57,family-campers,78,5,1
2026-03-09,durability-test | ugc-video | creator-01 | bau | trail-boot | lofi | 2026-03-01,120000000001,active,291.40,25589,13803,1.85,11.39,448,667,1.75,2.61,7163,2012,5014,3581,2578,1575,1432,6.1,40,9,940.19,weekend-hikers,385,23,5
2026-03-09,problem-first | ugc-video | creator-02 | bau | rain-shell | lofi | 2026-03-01,120000000002,active,69.81,6953,5248,1.32,10.04,115,161,1.65,2.32,1897,650,1327,948,682,417,379,7.6,13,3,250.13,weekend-hikers,91,7,1
2026-03-09,social-proof | static | house | bau | day-pack | polished | 2026-03-01,120000000003,active,124.42,12768,10137,1.26,9.74,160,207,1.25,1.62,,,,,,,,,13,5,652.37,gear-upgraders,130,6,2
2026-03-09,sale-countdown | static | house | promo | tent-2p | polished | 2026-03-09,120000000004,active,134.95,10338,8501,1.22,13.05,229,309,2.22,2.99,,,,,,,,,21,8,1031.73,past-visitors,183,12,2
2026-03-09,gift-guide | carousel | house | promo | headlamp | polished | 2026-03-09,120000000005,active,56.66,4066,3230,1.26,13.93,89,125,2.19,3.07,,,,,,,,,9,2,246.16,broad-prospecting,78,4,1
2026-03-09,founder-story | founder-video | founder | bau | trail-boot | lofi | 2026-03-01,120000000006,active,86.27,8151,6692,1.22,10.58,89,130,1.09,1.59,1648,653,1153,824,593,362,329,8.7,9,3,270.74,family-campers,77,4,2
2026-03-09,new-drop | carousel | house | launch | sleeping-bag | polished | 2026-03-06,120000000007,active,120.29,13195,9808,1.35,9.12,180,260,1.36,1.97,,,,,,,,,17,3,347.85,broad-prospecting,143,8,1
2026-03-09,partnership-haul | partnership | creator-03 | bau | day-pack | lofi | 2026-03-01,120000000008,active,128.15,10921,8998,1.21,11.73,119,156,1.09,1.43,2645,864,1851,1322,952,581,529,6.0,10,3,482.21,family-campers,94,4,1
2026-03-09,packing-list | carousel | house | bau | camp-stove | polished | 2026-03-01,120000000009,active,324.22,22230,17295,1.29,14.58,333,483,1.50,2.17,,,,,,,,,29,9,1171.22,family-campers,260,14,5
2026-03-09,weather-ready | ugc-video | creator-04 | bau | rain-shell | lofi | 2026-03-01,120000000010,active,162.74,10520,8901,1.18,15.47,175,255,1.66,2.42,2996,833,2097,1498,1078,659,599,8.3,14,4,458.65,weekend-hikers,138,6,2
2026-03-09,behind-the-seams | founder-video | founder | bau | tent-2p | lofi | 2026-03-01,120000000011,active,231.23,15085,12897,1.17,15.33,260,355,1.72,2.35,3283,,2298,1641,1181,722,656,8.5,27,7,1292.88,family-campers,204,15,4
2026-03-09,sale-percent-off | static | house | promo | sleeping-bag | polished | 2026-03-09,120000000012,active,135.05,10239,7980,1.28,13.19,105,154,1.03,1.50,,,,,,,,,12,3,252.69,past-visitors,94,6,1
2026-03-09,comparison | static | house | bau | headlamp | polished | 2026-03-01,120000000014,active,237.37,14614,10900,1.34,16.24,168,234,1.15,1.60,,,,,,,,,14,6,692.68,gear-upgraders,132,7,3
2026-03-09,partnership-trail | partnership | creator-06 | promo | trail-boot | lofi | 2026-03-09,120000000016,active,99.02,5909,4946,1.19,16.76,102,137,1.73,2.32,1519,420,1063,759,546,334,303,4.4,11,2,168.87,broad-prospecting,85,5,0
2026-03-09,guarantee | static | house | bau | water-bottle | polished | 2026-03-01,120000000017,active,91.36,7423,5658,1.31,12.31,19,27,0.26,0.36,,,,,,,,,1,0,0.00,gear-upgraders,16,0,0
2026-03-09,before-after | ugc-video | creator-07 | bau | day-pack | lofi | 2026-03-01,120000000018,active,141.59,13712,11154,1.23,10.33,151,233,1.10,1.70,3982,1264,2787,1991,1433,876,796,6.4,12,3,456.18,weekend-hikers,130,6,2
2026-03-09,staff-picks | carousel | house | bau | trail-boot | polished | 2026-03-01,120000000021,active,270.97,23528,17979,1.31,11.52,405,608,1.72,2.58,,,,,,,,,33,11,1733.23,gear-upgraders,323,17,7
2026-03-09,trail-diary | partnership | creator-09 | bau | tent-2p | lofi | 2026-03-01,120000000022,active,105.58,10204,8589,1.19,10.35,193,269,1.89,2.64,2490,831,1743,1245,896,547,498,7.3,18,6,718.93,family-campers,158,9,3
2026-03-09,problem-cold-feet | ugc-video | creator-10 | bau | sleeping-bag | lofi | 2026-03-01,120000000023,active,204.84,12996,10346,1.26,15.76,237,315,1.82,2.42,3769,1336,2638,1884,1356,829,753,4.7,21,6,655.79,weekend-hikers,206,11,2
2026-03-09,sale-bundle | carousel | house | promo | camp-stove | polished | 2026-03-09,120000000024,active,167.52,17672,13466,1.31,9.48,280,403,1.58,2.28,,,,,,,,,28,9,1330.66,past-visitors,234,13,2
2026-03-09,social-proof-reviews | static | house | bau | rain-shell | polished | 2026-03-01,120000000026,active,107.10,9509,7334,1.30,11.26,171,237,1.80,2.49,,,,,,,,,19,7,1072.58,gear-upgraders,148,9,3
2026-03-09,fix-it-yourself | ugc-video | creator-12 | bau | camp-stove | lofi | 2026-03-01,120000000028,active,70.45,6150,5172,1.19,11.45,82,118,1.33,1.92,1677,513,1173,838,603,368,335,7.8,6,1,166.78,family-campers,70,3,1
2026-03-10,durability-test | ugc-video | creator-01 | bau | trail-boot | lofi | 2026-03-01,120000000001,active,193.20,17485,9225,1.90,11.05,277,390,1.58,2.23,5238,1373,3666,2619,1885,1152,1047,8.4,29,8,793.85,weekend-hikers,232,16,6
2026-03-10,problem-first | ugc-video | creator-02 | bau | rain-shell | lofi | 2026-03-01,120000000002,active,110.36,10553,7921,1.33,10.46,212,301,2.01,2.85,2589,881,1812,1294,932,569,517,8.2,23,7,513.16,weekend-hikers,166,12,3
2026-03-10,social-proof | static | house | bau | day-pack | polished | 2026-03-01,120000000003,active,146.24,15412,11798,1.31,9.49,188,249,1.22,1.62,,,,,,,,,18,9,933.81,gear-upgraders,151,9,6
2026-03-10,sale-countdown | static | house | promo | tent-2p | polished | 2026-03-09,120000000004,active,143.20,10123,8345,1.21,14.15,188,255,1.86,2.52,,,,,,,,,21,6,797.31,past-visitors,163,11,1
2026-03-10,gift-guide | carousel | house | promo | headlamp | polished | 2026-03-09,120000000005,active,53.23,4205,3227,1.30,12.66,76,102,1.81,2.43,,,,,,,,,6,2,262.83,broad-prospecting,67,2,1
2026-03-10,founder-story | founder-video | founder | bau | trail-boot | lofi | 2026-03-01,120000000006,active,98.90,8629,6974,1.24,11.46,98,143,1.14,1.66,1640,562,1148,820,590,360,328,6.8,8,4,263.32,family-campers,87,4,2
2026-03-10,new-drop | carousel | house | launch | sleeping-bag | polished | 2026-03-06,120000000007,active,151.03,15548,11527,1.35,9.71,212,289,1.36,1.86,,,,,,,,,21,5,806.21,broad-prospecting,169,12,3
2026-03-10,partnership-haul | partnership | creator-03 | bau | day-pack | lofi | 2026-03-01,120000000008,active,76.62,7323,6186,1.18,10.46,87,118,1.19,1.61,1881,583,1316,940,677,413,376,6.1,9,4,762.49,family-campers,72,4,2
2026-03-10,packing-list | carousel | house | bau | camp-stove | polished | 2026-03-01,120000000009,active,237.80,18080,14043,1.29,13.15,308,456,1.70,2.52,,,,,,,,,25,8,1174.99,family-campers,252,11,5
2026-03-10,weather-ready | ugc-video | creator-04 | bau | rain-shell | lofi | 2026-03-01,120000000010,active,212.70,14295,11654,1.23,14.88,250,355,1.75,2.48,3123,832,2186,1561,1124,687,624,6.4,26,5,479.53,weekend-hikers,210,12,3
2026-03-10,behind-the-seams | founder-video | founder | bau | tent-2p | lofi | 2026-03-01,120000000011,active,242.09,15243,12936,1.18,15.88,227,305,1.49,2.00,3597,,2517,1798,1294,791,719,6.0,26,6,1075.29,family-campers,199,12,3
2026-03-10,sale-percent-off | static | house | promo | sleeping-bag | polished | 2026-03-09,120000000012,active,107.91,9257,7038,1.32,11.66,93,135,1.00,1.46,,,,,,,,,8,3,203.57,past-visitors,76,4,1
2026-03-10,comparison | static | house | bau | headlamp | polished | 2026-03-01,120000000014,active,364.14,22423,16576,1.35,16.24,407,562,1.82,2.51,,,,,,,,,45,14,1916.68,gear-upgraders,331,26,9
2026-03-10,partnership-trail | partnership | creator-06 | promo | trail-boot | lofi | 2026-03-09,120000000016,active,88.05,5308,4622,1.15,16.59,84,116,1.58,2.19,1536,424,1075,768,552,337,307,4.6,9,4,350.13,broad-prospecting,72,4,1
2026-03-10,guarantee | static | house | bau | water-bottle | polished | 2026-03-01,120000000017,active,95.39,7588,5851,1.30,12.57,19,27,0.25,0.36,,,,,,,,,1,0,0.00,gear-upgraders,15,0,0
2026-03-10,before-after | ugc-video | creator-07 | bau | day-pack | lofi | 2026-03-01,120000000018,active,128.63,13056,10320,1.27,9.85,120,173,0.92,1.33,3539,1214,2477,1769,1274,778,707,8.1,13,3,403.00,weekend-hikers,105,5,2
2026-03-10,staff-picks | carousel | house | bau | trail-boot | polished | 2026-03-01,120000000021,active,238.95,21203,16168,1.31,11.27,318,461,1.50,2.17,,,,,,,,,33,8,1357.47,gear-upgraders,271,16,4
2026-03-10,trail-diary | partnership | creator-09 | bau | tent-2p | lofi | 2026-03-01,120000000022,active,96.19,9502,7918,1.20,10.12,174,261,1.83,2.75,2385,768,1669,1192,858,524,477,5.1,17,5,555.31,family-campers,154,8,2
2026-03-10,problem-cold-feet | ugc-video | creator-10 | bau | sleeping-bag | lofi | 2026-03-01,120000000023,active,168.68,10927,8491,1.29,15.44,191,268,1.75,2.45,3271,1062,2289,1635,1177,719,654,7.0,15,4,403.12,weekend-hikers,167,8,3
2026-03-10,sale-bundle | carousel | house | promo | camp-stove | polished | 2026-03-09,120000000024,active,130.78,13583,10096,1.35,9.63,158,226,1.16,1.66,,,,,,,,,16,8,1017.44,past-visitors,130,9,3
2026-03-10,social-proof-reviews | static | house | bau | rain-shell | polished | 2026-03-01,120000000026,active,137.78,12589,9549,1.32,10.94,217,298,1.72,2.37,,,,,,,,,18,6,928.92,gear-upgraders,182,8,4
2026-03-10,fix-it-yourself | ugc-video | creator-12 | bau | camp-stove | lofi | 2026-03-01,120000000028,active,81.57,7450,6198,1.20,10.95,124,176,1.66,2.36,1750,620,1225,875,630,385,350,4.5,10,3,371.87,family-campers,99,5,2
2026-03-11,durability-test | ugc-video | creator-01 | bau | trail-boot | lofi | 2026-03-01,120000000001,active,264.34,21733,10901,1.99,12.16,391,585,1.80,2.69,6093,1781,4265,3046,2193,1340,1218,4.3,32,13,1382.97,weekend-hikers,314,15,6
2026-03-11,problem-first | ugc-video | creator-02 | bau | rain-shell | lofi | 2026-03-01,120000000002,active,89.15,9290,6902,1.35,9.60,189,268,2.03,2.88,2545,912,1781,1272,916,559,509,4.5,20,6,482.34,weekend-hikers,160,9,4
2026-03-11,social-proof | static | house | bau | day-pack | polished | 2026-03-01,120000000003,active,140.83,15443,12280,1.26,9.12,198,260,1.28,1.68,,,,,,,,,21,9,1077.23,gear-upgraders,166,10,4
2026-03-11,sale-countdown | static | house | promo | tent-2p | polished | 2026-03-09,120000000004,active,109.55,8033,6804,1.18,13.64,141,188,1.76,2.34,,,,,,,,,12,4,425.68,past-visitors,118,6,1
2026-03-11,gift-guide | carousel | house | promo | headlamp | polished | 2026-03-09,120000000005,active,54.45,3790,3011,1.26,14.37,65,85,1.72,2.24,,,,,,,,,7,1,143.65,broad-prospecting,55,3,0
2026-03-11,founder-story | founder-video | founder | bau | trail-boot | lofi | 2026-03-01,120000000006,active,95.74,9186,7510,1.22,10.42,97,134,1.06,1.46,1774,635,1241,887,638,390,354,8.2,10,3,256.76,family-campers,81,5,2
2026-03-11,new-drop | carousel | house | launch | sleeping-bag | polished | 2026-03-06,120000000007,active,97.09,11401,8458,1.35,8.52,141,205,1.24,1.80,,,,,,,,,14,4,483.49,broad-prospecting,124,7,3
2026-03-11,partnership-haul | partnership | creator-03 | bau | day-pack | lofi | 2026-03-01,120000000008,active,88.49,8064,6556,1.23,10.97,103,134,1.28,1.66,1658,561,1160,829,596,364,331,8.0,9,4,708.49,family-campers,86,5,2
2026-03-11,packing-list | carousel | house | bau | camp-stove | polished | 2026-03-01,120000000009,active,212.99,15059,11610,1.30,14.14,240,336,1.59,2.23,,,,,,,,,22,7,742.13,family-campers,199,11,4
2026-03-11,weather-ready | ugc-video | creator-04 | bau | rain-shell | lofi | 2026-03-01,120000000010,active,187.71,11888,9817,1.21,15.79,209,298,1.76,2.51,3226,960,2258,1613,1161,709,645,5.9,18,4,361.51,weekend-hikers,170,9,2
2026-03-11,behind-the-seams | founder-video | founder | bau | tent-2p | lofi | 2026-03-01,120000000011,active,267.29,17207,13977,1.23,15.53,269,377,1.56,2.19,4064,,2844,2032,1463,894,812,7.2,24,8,1297.56,family-campers,240,11,6
2026-03-11,sale-percent-off | static | house | promo | sleeping-bag | polished | 2026-03-09,120000000012,active,98.25,8798,6787,1.30,11.17,75,110,0.85,1.25,,,,,,,,,7,3,217.55,past-visitors,58,4,1
2026-03-11,comparison | static | house | bau | headlamp | polished | 2026-03-01,120000000014,active,253.80,16152,12134,1.33,15.71,239,333,1.48,2.06,,,,,,,,,27,11,1205.45,gear-upgraders,199,14,6
2026-03-11,partnership-trail | partnership | creator-06 | promo | trail-boot | lofi | 2026-03-09,120000000016,active,107.03,6067,5106,1.19,17.64,118,172,1.94,2.84,1688,439,1181,844,607,371,337,8.2,12,4,353.05,broad-prospecting,96,6,1
2026-03-11,guarantee | static | house | bau | water-bottle | polished | 2026-03-01,120000000017,active,95.16,7098,5378,1.32,13.41,15,20,0.21,0.28,,,,,,,,,1,0,0.00,gear-upgraders,12,0,0
2026-03-11,before-after | ugc-video | creator-07 | bau | day-pack | lofi | 2026-03-01,120000000018,active,148.87,14187,11515,1.23,10.49,108,157,0.76,1.11,3915,1472,2740,1957,1409,861,783,5.7,9,2,232.85,weekend-hikers,86,5,1
2026-03-11,staff-picks | carousel | house | bau | trail-boot | polished | 2026-03-01,120000000021,active,263.42,21573,16408,1.31,12.21,350,523,1.62,2.42,,,,,,,,,30,17,2949.42,gear-upgraders,285,17,12
2026-03-11,trail-diary | partnership | creator-09 | bau | tent-2p | lofi | 2026-03-01,120000000022,active,92.23,9945,8140,1.22,9.27,159,227,1.60,2.28,2460,769,1722,1230,885,541,492,7.2,13,5,712.36,family-campers,138,7,3
2026-03-11,problem-cold-feet | ugc-video | creator-10 | bau | sleeping-bag | lofi | 2026-03-01,120000000023,active,188.10,12285,9498,1.29,15.31,202,258,1.64,2.10,3563,1252,2494,1781,1282,783,712,5.4,21,4,485.32,weekend-hikers,160,10,2
2026-03-11,sale-bundle | carousel | house | promo | camp-stove | polished | 2026-03-09,120000000024,active,167.46,16701,12251,1.36,10.03,212,305,1.27,1.83,,,,,,,,,25,7,875.22,past-visitors,178,12,2
2026-03-11,social-proof-reviews | static | house | bau | rain-shell | polished | 2026-03-01,120000000026,active,115.80,10019,7621,1.31,11.56,160,217,1.60,2.17,,,,,,,,,16,5,599.83,gear-upgraders,126,7,2
2026-03-11,fix-it-yourself | ugc-video | creator-12 | bau | camp-stove | lofi | 2026-03-01,120000000028,active,81.47,7621,6266,1.22,10.69,128,175,1.68,2.30,1836,650,1285,918,660,403,367,4.8,10,2,218.64,family-campers,99,5,1
2026-03-11,gift-guide-two | carousel | house | promo | day-pack | polished | 2026-03-11,120000000029,active,140.06,14137,11670,1.21,9.91,255,369,1.80,2.61,,,,,,,,,29,6,609.93,broad-prospecting,206,17,2
2026-03-12,durability-test | ugc-video | creator-01 | bau | trail-boot | lofi | 2026-03-01,120000000001,active,301.60,24774,12276,2.02,12.17,386,566,1.56,2.28,6655,1962,4658,3327,2395,1464,1331,5.8,44,10,983.11,weekend-hikers,301,25,4
2026-03-12,problem-first | ugc-video | creator-02 | bau | rain-shell | lofi | 2026-03-01,120000000002,active,72.46,7292,5394,1.35,9.94,118,166,1.62,2.28,1923,614,1346,961,692,423,384,6.7,11,6,470.40,weekend-hikers,103,6,4
2026-03-12,social-proof | static | house | bau | day-pack | polished | 2026-03-01,120000000003,active,153.36,17196,13482,1.28,8.92,204,284,1.19,1.65,,,,,,,,,18,8,1034.64,gear-upgraders,160,9,5
2026-03-12,sale-countdown | static | house | promo | tent-2p | polished | 2026-03-09,120000000004,active,94.32,7400,6303,1.17,12.75,160,214,2.16,2.89,,,,,,,,,13,3,389.37,past-visitors,143,7,1
2026-03-12,gift-guide | carousel | house | promo | headlamp | polished | 2026-03-09,120000000005,active,55.12,4369,3396,1.29,12.62,79,114,1.81,2.61,,,,,,,,,9,2,309.78,broad-prospecting,68,5,1
2026-03-12,founder-story | founder-video | founder | bau | trail-boot | lofi | 2026-03-01,120000000006,active,89.19,8746,7082,1.23,10.20,99,145,1.13,1.66,1726,593,1208,863,621,379,345,5.2,9,4,338.38,family-campers,87,4,2
2026-03-12,new-drop | carousel | house | launch | sleeping-bag | polished | 2026-03-06,120000000007,active,128.53,13770,10211,1.35,9.33,153,215,1.11,1.56,,,,,,,,,15,4,570.08,broad-prospecting,133,8,2
2026-03-12,partnership-haul | partnership | creator-03 | bau | day-pack | lofi | 2026-03-01,120000000008,active,100.76,9998,8074,1.24,10.08,122,163,1.22,1.63,2252,743,1576,1126,810,495,450,5.8,14,6,924.02,family-campers,109,8,3
2026-03-12,packing-list | carousel | house | bau | camp-stove | polished | 2026-03-01,120000000009,active,315.88,20629,15270,1.35,15.31,300,427,1.45,2.07,,,,,,,,,29,11,1499.20,family-campers,262,14,5
2026-03-12,weather-ready | ugc-video | creator-04 | bau | rain-shell | lofi | 2026-03-01,120000000010,active,167.36,10731,8861,1.21,15.60,168,238,1.57,2.22,2631,742,1841,1315,947,578,526,8.3,14,5,629.24,weekend-hikers,134,7,2
2026-03-12,behind-the-seams | founder-video | founder | bau | tent-2p | lofi | 2026-03-01,120000000011,active,291.98,17730,14802,1.20,16.47,273,369,1.54,2.08,3928,,2749,1964,1414,864,785,7.8,31,9,1501.05,family-campers,231,14,4
2026-03-12,sale-percent-off | static | house | promo | sleeping-bag | polished | 2026-03-09,120000000012,active,113.04,9843,7379,1.33,11.48,86,121,0.87,1.23,,,,,,,,,7,3,199.16,past-visitors,69,3,1
2026-03-12,comparison | static | house | bau | headlamp | polished | 2026-03-01,120000000014,active,295.80,18937,14200,1.33,15.62,340,472,1.80,2.49,,,,,,,,,36,10,1125.58,gear-upgraders,272,20,4
2026-03-12,partnership-trail | partnership | creator-06 | promo | trail-boot | lofi | 2026-03-09,120000000016,active,94.61,5465,4714,1.16,17.31,88,119,1.61,2.18,1579,465,1105,789,568,347,315,4.6,9,4,329.28,broad-prospecting,76,4,1
2026-03-12,guarantee | static | house | bau | water-bottle | polished | 2026-03-01,120000000017,active,148.05,11271,8531,1.32,13.14,28,40,0.25,0.35,,,,,,,,,2,0,0.00,gear-upgraders,22,0,0
2026-03-12,before-after | ugc-video | creator-07 | bau | day-pack | lofi | 2026-03-01,120000000018,active,120.64,11418,9305,1.23,10.57,135,187,1.18,1.64,3371,1063,2359,1685,1213,741,674,5.6,10,3,318.92,weekend-hikers,119,4,2
2026-03-12,staff-picks | carousel | house | bau | trail-boot | polished | 2026-03-01,120000000021,active,257.75,20367,14835,1.37,12.66,314,447,1.54,2.19,,,,,,,,,30,10,1396.35,gear-upgraders,254,17,7
2026-03-12,trail-diary | partnership | creator-09 | bau | tent-2p | lofi | 2026-03-01,120000000022,active,98.95,10143,8623,1.18,9.76,167,238,1.65,2.35,2488,796,1741,1244,895,547,497,5.5,17,5,681.44,family-campers,136,8,2
2026-03-12,problem-cold-feet | ugc-video | creator-10 | bau | sleeping-bag | lofi | 2026-03-01,120000000023,active,181.19,11521,8995,1.28,15.73,194,255,1.68,2.21,3435,1193,2404,1717,1236,755,687,6.5,21,3,320.44,weekend-hikers,155,11,2
2026-03-12,sale-bundle | carousel | house | promo | camp-stove | polished | 2026-03-09,120000000024,active,117.75,12059,8960,1.35,9.76,183,267,1.52,2.21,,,,,,,,,16,8,1073.49,past-visitors,144,9,2
2026-03-12,social-proof-reviews | static | house | bau | rain-shell | polished | 2026-03-01,120000000026,active,123.14,11872,8937,1.33,10.37,185,245,1.56,2.06,,,,,,,,,17,7,1230.63,gear-upgraders,158,10,3
2026-03-12,fix-it-yourself | ugc-video | creator-12 | bau | camp-stove | lofi | 2026-03-01,120000000028,active,67.62,5658,4608,1.23,11.95,85,121,1.50,2.14,1338,489,936,669,481,294,267,6.0,8,2,201.40,family-campers,71,4,1
2026-03-12,gift-guide-two | carousel | house | promo | day-pack | polished | 2026-03-11,120000000029,active,136.65,14409,11907,1.21,9.48,259,357,1.80,2.48,,,,,,,,,25,6,744.55,broad-prospecting,228,12,1
2026-03-13,durability-test | ugc-video | creator-01 | bau | trail-boot | lofi | 2026-03-01,120000000001,active,309.16,29291,13962,2.10,10.55,401,589,1.37,2.01,7684,2388,5378,3842,2766,1690,1536,4.8,33,14,1535.61,weekend-hikers,359,17,7
2026-03-13,problem-first | ugc-video | creator-02 | bau | rain-shell | lofi | 2026-03-01,120000000002,active,107.49,10207,7587,1.35,10.53,185,273,1.81,2.67,2665,767,1865,1332,959,586,533,6.5,16,6,430.54,weekend-hikers,165,8,4
2026-03-13,social-proof | static | house | bau | day-pack | polished | 2026-03-01,120000000003,active,148.94,17000,12992,1.31,8.76,208,276,1.22,1.62,,,,,,,,,18,3,401.97,gear-upgraders,173,9,1
2026-03-13,sale-countdown | static | house | promo | tent-2p | polished | 2026-03-09,120000000004,active,120.25,8705,7175,1.21,13.81,144,187,1.65,2.15,,,,,,,,,15,3,445.37,past-visitors,126,7,1
2026-03-13,gift-guide | carousel | house | promo | headlamp | polished | 2026-03-09,120000000005,active,58.35,4198,3317,1.27,13.90,76,97,1.81,2.31,,,,,,,,,8,1,152.03,broad-prospecting,64,4,0
2026-03-13,founder-story | founder-video | founder | bau | trail-boot | lofi | 2026-03-01,120000000006,active,76.77,7240,5859,1.24,10.60,78,108,1.08,1.49,1593,598,1115,796,573,350,318,8.5,7,4,301.41,family-campers,69,4,2
2026-03-13,new-drop | carousel | house | launch | sleeping-bag | polished | 2026-03-06,120000000007,active,118.34,13193,9754,1.35,8.97,193,287,1.46,2.18,,,,,,,,,21,6,908.89,broad-prospecting,163,11,4
2026-03-13,partnership-haul | partnership | creator-03 | bau | day-pack | lofi | 2026-03-01,120000000008,active,115.52,10213,8375,1.22,11.31,110,145,1.08,1.42,2682,823,1877,1341,965,590,536,8.0,9,6,921.26,family-campers,92,6,3
2026-03-13,packing-list | carousel | house | bau | camp-stove | polished | 2026-03-01,120000000009,active,284.47,21629,16472,1.31,13.15,321,465,1.48,2.15,,,,,,,,,33,10,1481.58,family-campers,270,18,7
2026-03-13,weather-ready | ugc-video | creator-04 | bau | rain-shell | lofi | 2026-03-01,120000000010,active,216.05,13803,11547,1.20,15.65,238,353,1.72,2.56,3671,1094,2569,1835,1321,807,734,6.9,24,6,709.80,weekend-hikers,214,11,4
2026-03-13,behind-the-seams | founder-video | founder | bau | tent-2p | lofi | 2026-03-01,120000000011,active,241.32,14527,11779,1.23,16.61,177,244,1.22,1.68,3082,,2157,1541,1109,678,616,8.4,15,5,667.72,family-campers,154,8,3
2026-03-13,sale-percent-off | static | house | promo | sleeping-bag | polished | 2026-03-09,120000000012,active,90.67,7508,5726,1.31,12.08,68,97,0.91,1.29,,,,,,,,,7,2,155.08,past-visitors,60,3,0
2026-03-13,new-drop-two | carousel | house | launch | water-bottle | polished | 2026-03-13,120000000013,active,216.07,16627,12308,1.35,13.00,262,335,1.58,2.01,,,,,,,,,30,12,1045.98,broad-prospecting,229,13,8
2026-03-13,comparison | static | house | bau | headlamp | polished | 2026-03-01,120000000014,active,270.16,18437,13513,1.36,14.65,274,383,1.49,2.08,,,,,,,,,32,14,1861.44,gear-upgraders,219,18,7
2026-03-13,unboxing | ugc-video | creator-05 | launch | camp-stove | lofi | 2026-03-13,120000000015,active,209.73,14277,11453,1.25,14.69,218,302,1.53,2.12,3978,1502,2784,1989,1432,875,795,5.8,19,6,880.38,broad-prospecting,191,8,3
2026-03-13,partnership-trail | partnership | creator-06 | promo | trail-boot | lofi | 2026-03-09,120000000016,active,83.79,5174,4316,1.20,16.19,75,104,1.45,2.01,1444,379,1010,722,519,317,288,8.6,7,2,132.93,broad-prospecting,58,4,0
2026-03-13,guarantee | static | house | bau | water-bottle | polished | 2026-03-01,120000000017,active,102.37,7837,5793,1.35,13.06,21,28,0.27,0.36,,,,,,,,,2,0,0.00,gear-upgraders,17,1,0
2026-03-13,before-after | ugc-video | creator-07 | bau | day-pack | lofi | 2026-03-01,120000000018,active,143.55,14731,11593,1.27,9.74,150,219,1.02,1.49,3959,1546,2771,1979,1425,870,791,6.1,14,3,396.48,weekend-hikers,122,6,2
2026-03-13,staff-picks | carousel | house | bau | trail-boot | polished | 2026-03-01,120000000021,active,305.39,24298,18316,1.33,12.57,475,686,1.95,2.82,,,,,,,,,39,12,1895.90,gear-upgraders,423,21,8
2026-03-13,trail-diary | partnership | creator-09 | bau | tent-2p | lofi | 2026-03-01,120000000022,active,88.13,9032,7447,1.21,9.76,166,227,1.84,2.51,2062,647,1443,1031,742,453,412,5.8,14,2,266.88,family-campers,131,7,1
2026-03-13,problem-cold-feet | ugc-video | creator-10 | bau | sleeping-bag | lofi | 2026-03-01,120000000023,active,170.18,10836,8382,1.29,15.70,199,260,1.84,2.40,3199,1044,2239,1599,1151,703,639,8.1,23,7,575.78,weekend-hikers,175,10,3
2026-03-13,sale-bundle | carousel | house | promo | camp-stove | polished | 2026-03-09,120000000024,active,173.92,17280,12714,1.36,10.06,264,378,1.53,2.19,,,,,,,,,25,11,1802.88,past-visitors,220,11,2
2026-03-13,social-proof-reviews | static | house | bau | rain-shell | polished | 2026-03-01,120000000026,active,141.65,12250,9085,1.35,11.56,217,290,1.77,2.37,,,,,,,,,23,6,1020.81,gear-upgraders,179,11,3
2026-03-13,fix-it-yourself | ugc-video | creator-12 | bau | camp-stove | lofi | 2026-03-01,120000000028,active,79.43,7256,5882,1.23,10.95,108,153,1.49,2.11,1879,652,1315,939,676,413,375,8.8,12,2,241.89,family-campers,90,5,1
2026-03-13,gift-guide-two | carousel | house | promo | day-pack | polished | 2026-03-11,120000000029,active,150.49,14519,11408,1.27,10.36,260,352,1.79,2.42,,,,,,,,,23,2,242.09,broad-prospecting,215,13,1
2026-03-14,durability-test | ugc-video | creator-01 | bau | trail-boot | lofi | 2026-03-01,120000000001,active,329.40,27364,12643,2.16,12.04,443,666,1.62,2.43,7584,1970,5308,3792,2730,1668,1516,5.3,35,4,387.60,weekend-hikers,384,16,2
2026-03-14,problem-first | ugc-video | creator-02 | bau | rain-shell | lofi | 2026-03-01,120000000002,active,73.02,7092,5321,1.33,10.30,130,182,1.83,2.57,1867,706,1306,933,672,410,373,5.5,13,5,402.63,weekend-hikers,110,6,2
2026-03-14,social-proof | static | house | bau | day-pack | polished | 2026-03-01,120000000003,active,128.44,13796,10417,1.32,9.31,148,200,1.07,1.45,,,,,,,,,17,7,1072.84,gear-upgraders,131,8,3
2026-03-14,sale-countdown | static | house | promo | tent-2p | polished | 2026-03-09,120000000004,active,103.35,8170,6918,1.18,12.65,151,209,1.85,2.56,,,,,,,,,16,4,580.88,past-visitors,125,7,1
2026-03-14,gift-guide | carousel | house | promo | headlamp | polished | 2026-03-09,120000000005,active,63.88,4297,3336,1.29,14.87,70,93,1.63,2.16,,,,,,,,,7,2,245.02,broad-prospecting,60,3,1
2026-03-14,founder-story | founder-video | founder | bau | trail-boot | lofi | 2026-03-01,120000000006,active,107.05,9474,7468,1.27,11.30,112,161,1.18,1.70,1886,700,1320,943,678,414,377,4.7,9,6,477.14,family-campers,91,6,2
2026-03-14,new-drop | carousel | house | launch | sleeping-bag | polished | 2026-03-06,120000000007,active,128.72,14149,10363,1.37,9.10,155,225,1.10,1.59,,,,,,,,,13,5,700.97,broad-prospecting,139,6,3
2026-03-14,partnership-haul | partnership | creator-03 | bau | day-pack | lofi | 2026-03-01,120000000008,active,102.73,9369,7527,1.24,10.97,98,127,1.05,1.36,2451,748,1715,1225,882,539,490,5.3,10,4,734.18,family-campers,79,5,2
2026-03-14,packing-list | carousel | house | bau | camp-stove | polished | 2026-03-01,120000000009,active,221.89,16292,12448,1.31,13.62,249,373,1.53,2.29,,,,,,,,,23,6,625.39,family-campers,208,11,3
2026-03-14,weather-ready | ugc-video | creator-04 | bau | rain-shell | lofi | 2026-03-01,120000000010,active,180.71,11818,9940,1.19,15.29,166,243,1.40,2.06,3392,1083,2374,1696,1221,746,678,7.6,16,4,329.11,weekend-hikers,140,8,2
2026-03-14,behind-the-seams | founder-video | founder | bau | tent-2p | lofi | 2026-03-01,120000000011,active,255.88,15534,12940,1.20,16.47,225,312,1.45,2.01,3041,,2128,1520,1094,669,608,5.5,19,4,786.91,family-campers,202,9,2
2026-03-14,sale-percent-off | static | house | promo | sleeping-bag | polished | 2026-03-09,120000000012,active,110.79,8937,6699,1.33,12.40,88,124,0.98,1.39,,,,,,,,,8,1,73.95,past-visitors,71,4,0
2026-03-14,new-drop-two | carousel | house | launch | water-bottle | polished | 2026-03-13,120000000013,active,180.05,15015,10919,1.38,11.99,248,331,1.65,2.20,,,,,,,,,22,12,831.62,broad-prospecting,218,12,6
2026-03-14,comparison | static | house | bau | headlamp | polished | 2026-03-01,120000000014,active,291.68,18315,13290,1.38,15.93,301,394,1.64,2.15,,,,,,,,,32,11,1311.02,gear-upgraders,235,14,4
2026-03-14,unboxing | ugc-video | creator-05 | launch | camp-stove | lofi | 2026-03-13,120000000015,active,339.84,20953,16262,1.29,16.22,323,439,1.54,2.10,5595,2200,3916,2797,2014,1230,1119,6.8,33,8,1145.57,broad-prospecting,269,15,5
2026-03-14,partnership-trail | partnership | creator-06 | promo | trail-boot | lofi | 2026-03-09,120000000016,active,96.70,5832,4814,1.21,16.58,86,112,1.47,1.92,1746,502,1222,873,628,384,349,7.5,8,3,240.66,broad-prospecting,75,4,1
2026-03-14,guarantee | static | house | bau | water-bottle | polished | 2026-03-01,120000000017,active,98.44,8216,6227,1.32,11.98,21,28,0.26,0.34,,,,,,,,,2,0,0.00,gear-upgraders,17,1,0
2026-03-14,before-after | ugc-video | creator-07 | bau | day-pack | lofi | 2026-03-01,120000000018,active,156.09,16338,12947,1.26,9.55,179,273,1.10,1.67,4324,1330,3026,2162,1556,951,864,5.3,20,5,628.05,weekend-hikers,145,9,3
2026-03-14,staff-picks | carousel | house | bau | trail-boot | polished | 2026-03-01,120000000021,active,231.63,19945,14963,1.33,11.61,328,465,1.64,2.33,,,,,,,,,38,13,1800.96,gear-upgraders,291,17,6
2026-03-14,trail-diary | partnership | creator-09 | bau | tent-2p | lofi | 2026-03-01,120000000022,active,128.08,13096,10886,1.20,9.78,229,323,1.75,2.47,3606,1159,2524,1803,1298,793,721,5.3,23,10,1307.32,family-campers,184,12,6
2026-03-14,problem-cold-feet | ugc-video | creator-10 | bau | sleeping-bag | lofi | 2026-03-01,120000000023,active,234.44,13273,10287,1.29,17.66,204,259,1.54,1.95,3835,1325,2684,1917,1380,843,767,7.1,20,6,712.75,weekend-hikers,168,9,4
2026-03-14,sale-bundle | carousel | house | promo | camp-stove | polished | 2026-03-09,120000000024,active,130.61,13528,10039,1.35,9.66,159,223,1.18,1.65,,,,,,,,,17,7,941.73,past-visitors,137,9,2
2026-03-14,social-proof-reviews | static | house | bau | rain-shell | polished | 2026-03-01,120000000026,active,104.33,9185,6724,1.37,11.36,154,203,1.68,2.21,,,,,,,,,16,2,342.14,gear-upgraders,133,9,1
2026-03-14,fix-it-yourself | ugc-video | creator-12 | bau | camp-stove | lofi | 2026-03-01,120000000028,active,83.51,7576,6376,1.19,11.02,105,145,1.39,1.91,1944,653,1360,972,699,427,388,4.7,10,2,263.02,family-campers,85,4,1
2026-03-14,gift-guide-two | carousel | house | promo | day-pack | polished | 2026-03-11,120000000029,active,145.09,13561,10960,1.24,10.70,260,366,1.92,2.70,,,,,,,,,28,5,637.62,broad-prospecting,209,13,1
2026-03-15,durability-test | ugc-video | creator-01 | bau | trail-boot | lofi | 2026-03-01,120000000001,active,353.32,26465,11724,2.26,13.35,322,465,1.22,1.76,7614,2103,5329,3807,2741,1675,1522,8.0,30,10,1251.50,weekend-hikers,271,14,4
2026-03-15,problem-first | ugc-video | creator-02 | bau | rain-shell | lofi | 2026-03-01,120000000002,active,92.10,9021,6693,1.35,10.21,161,245,1.78,2.72,2222,759,1555,1111,799,488,444,6.3,17,5,355.58,weekend-hikers,137,9,3
2026-03-15,social-proof | static | house | bau | day-pack | polished | 2026-03-01,120000000003,active,135.54,16170,12293,1.32,8.38,180,235,1.11,1.45,,,,,,,,,16,5,742.39,gear-upgraders,147,8,2
2026-03-15,sale-countdown | static | house | promo | tent-2p | polished | 2026-03-09,120000000004,active,127.78,9547,7877,1.21,13.38,167,221,1.75,2.31,,,,,,,,,16,4,568.47,past-visitors,142,7,1
2026-03-15,gift-guide | carousel | house | promo | headlamp | polished | 2026-03-09,120000000005,active,47.39,3899,2947,1.32,12.16,61,86,1.56,2.21,,,,,,,,,6,1,134.39,broad-prospecting,51,3,0
2026-03-15,founder-story | founder-video | founder | bau | trail-boot | lofi | 2026-03-01,120000000006,active,84.78,8433,6803,1.24,10.05,113,171,1.34,2.03,1542,520,1079,771,555,339,308,7.3,12,5,511.81,family-campers,98,6,3
2026-03-15,new-drop | carousel | house | launch | sleeping-bag | polished | 2026-03-06,120000000007,active,114.03,11469,8448,1.36,9.94,131,193,1.14,1.68,,,,,,,,,11,7,1020.53,broad-prospecting,116,7,4
2026-03-15,partnership-haul | partnership | creator-03 | bau | day-pack | lofi | 2026-03-01,120000000008,active,77.64,6686,5450,1.23,11.61,72,97,1.08,1.45,1741,541,1218,870,626,383,348,5.3,7,4,710.03,family-campers,62,4,2
2026-03-15,packing-list | carousel | house | bau | camp-stove | polished | 2026-03-01,120000000009,active,255.39,18407,13902,1.32,13.87,313,469,1.70,2.55,,,,,,,,,29,8,911.19,family-campers,268,17,5
2026-03-15,weather-ready | ugc-video | creator-04 | bau | rain-shell | lofi | 2026-03-01,120000000010,active,188.26,13012,10896,1.19,14.47,252,386,1.94,2.97,3293,918,2305,1646,1185,724,658,5.2,25,6,575.14,weekend-hikers,216,14,3
2026-03-15,behind-the-seams | founder-video | founder | bau | tent-2p | lofi | 2026-03-01,120000000011,active,320.73,18538,15534,1.19,17.30,350,482,1.89,2.60,4443,,3110,2221,1599,977,888,4.5,30,12,1778.36,family-campers,305,17,5
2026-03-15,sale-percent-off | static | house | promo | sleeping-bag | polished | 2026-03-09,120000000012,active,114.93,10047,7566,1.33,11.44,105,152,1.05,1.51,,,,,,,,,10,3,179.52,past-visitors,92,5,1
2026-03-15,new-drop-two | carousel | house | launch | water-bottle | polished | 2026-03-13,120000000013,active,217.36,17577,13108,1.34,12.37,218,275,1.24,1.56,,,,,,,,,20,11,837.41,broad-prospecting,187,11,6
2026-03-15,comparison | static | house | bau | headlamp | polished | 2026-03-01,120000000014,active,442.31,24904,18304,1.36,17.76,427,591,1.71,2.37,,,,,,,,,44,14,1694.21,gear-upgraders,349,26,7
2026-03-15,unboxing | ugc-video | creator-05 | launch | camp-stove | lofi | 2026-03-13,120000000015,active,337.03,21161,16291,1.30,15.93,345,474,1.63,2.24,5124,1934,3586,2562,1844,1127,1024,8.0,36,6,872.89,broad-prospecting,286,19,3
2026-03-15,partnership-trail | partnership | creator-06 | promo | trail-boot | lofi | 2026-03-09,120000000016,active,99.27,5665,4799,1.18,17.52,89,124,1.57,2.19,1747,492,1222,873,628,384,349,8.2,8,4,331.52,broad-prospecting,70,4,1
2026-03-15,guarantee | static | house | bau | water-bottle | polished | 2026-03-01,120000000017,active,104.91,8382,6152,1.36,12.52,20,28,0.24,0.33,,,,,,,,,1,0,0.00,gear-upgraders,15,0,0
2026-03-15,before-after | ugc-video | creator-07 | bau | day-pack | lofi | 2026-03-01,120000000018,active,126.90,11789,9304,1.27,10.76,139,204,1.18,1.73,3311,1033,2317,1655,1191,728,662,8.4,12,3,343.15,weekend-hikers,111,6,2
2026-03-15,staff-picks | carousel | house | bau | trail-boot | polished | 2026-03-01,120000000021,active,246.24,20063,15042,1.33,12.27,301,418,1.50,2.08,,,,,,,,,31,12,1889.42,gear-upgraders,235,15,7
2026-03-15,trail-diary | partnership | creator-09 | bau | tent-2p | lofi | 2026-03-01,120000000022,active,127.47,11811,9596,1.23,10.79,209,298,1.77,2.52,2886,879,2020,1443,1038,634,577,8.3,24,3,401.55,family-campers,176,12,2
2026-03-15,problem-cold-feet | ugc-video | creator-10 | bau | sleeping-bag | lofi | 2026-03-01,120000000023,active,149.30,9677,7624,1.27,15.43,187,255,1.93,2.64,2720,887,1903,1360,979,598,544,5.0,15,3,328.17,weekend-hikers,157,7,1
2026-03-15,sale-bundle | carousel | house | promo | camp-stove | polished | 2026-03-09,120000000024,active,138.45,13537,10022,1.35,10.23,207,297,1.53,2.19,,,,,,,,,21,9,898.74,past-visitors,163,10,2
2026-03-15,social-proof-reviews | static | house | bau | rain-shell | polished | 2026-03-01,120000000026,active,106.23,9935,7464,1.33,10.69,171,233,1.72,2.35,,,,,,,,,14,4,584.91,gear-upgraders,146,8,3
2026-03-15,fix-it-yourself | ugc-video | creator-12 | bau | camp-stove | lofi | 2026-03-01,120000000028,active,67.35,6196,5036,1.23,10.87,90,117,1.45,1.89,1562,514,1093,781,562,343,312,6.7,7,2,269.52,family-campers,76,3,1
2026-03-15,gift-guide-two | carousel | house | promo | day-pack | polished | 2026-03-11,120000000029,active,172.61,16290,13213,1.23,10.60,233,326,1.43,2.00,,,,,,,,,19,5,439.62,broad-prospecting,190,11,2
2026-03-16,durability-test | ugc-video | creator-01 | bau | trail-boot | lofi | 2026-03-01,120000000001,active,289.57,23868,10127,2.36,12.13,309,449,1.29,1.88,6027,1838,4218,3013,2169,1325,1205,8.8,25,11,1151.24,weekend-hikers,261,12,6
2026-03-16,problem-first | ugc-video | creator-02 | bau | rain-shell | lofi | 2026-03-01,120000000002,active,91.84,9198,6943,1.32,9.98,206,298,2.24,3.24,2583,877,1808,1291,929,568,516,5.3,16,4,329.89,weekend-hikers,177,7,3
2026-03-16,social-proof | static | house | bau | day-pack | polished | 2026-03-01,120000000003,active,154.72,15785,12333,1.28,9.80,189,254,1.20,1.61,,,,,,,,,15,6,741.52,gear-upgraders,151,8,4
2026-03-16,sale-countdown | static | house | promo | tent-2p | polished | 2026-03-09,120000000004,active,145.79,10643,8683,1.23,13.70,198,252,1.86,2.37,,,,,,,,,16,4,568.09,past-visitors,176,8,1
2026-03-16,gift-guide | carousel | house | promo | headlamp | polished | 2026-03-09,120000000005,active,73.39,5205,3962,1.31,14.10,97,135,1.86,2.59,,,,,,,,,8,3,356.35,broad-prospecting,77,4,1
2026-03-16,founder-story | founder-video | founder | bau | trail-boot | lofi | 2026-03-01,120000000006,active,83.43,8732,6805,1.28,9.56,110,165,1.26,1.89,1836,629,1285,918,660,403,367,5.3,11,4,292.43,family-campers,92,6,2
2026-03-16,new-drop | carousel | house | launch | sleeping-bag | polished | 2026-03-06,120000000007,active,143.01,14456,10772,1.34,9.89,185,262,1.28,1.81,,,,,,,,,19,4,586.62,broad-prospecting,161,9,2
2026-03-16,partnership-haul | partnership | creator-03 | bau | day-pack | lofi | 2026-03-01,120000000008,active,93.94,8543,6959,1.23,11.00,97,130,1.14,1.52,2083,678,1458,1041,749,458,416,6.7,8,3,505.77,family-campers,86,4,2
2026-03-16,packing-list | carousel | house | bau | camp-stove | polished | 2026-03-01,120000000009,active,249.11,17413,12964,1.34,14.31,270,389,1.55,2.23,,,,,,,,,24,8,1017.40,family-campers,215,13,5
2026-03-16,weather-ready | ugc-video | creator-04 | bau | rain-shell | lofi | 2026-03-01,120000000010,active,217.35,14275,11754,1.21,15.23,251,369,1.76,2.58,3283,856,2298,1641,1181,722,656,6.8,27,3,341.99,weekend-hikers,219,13,2
2026-03-16,behind-the-seams | founder-video | founder | bau | tent-2p | lofi | 2026-03-01,120000000011,active,292.77,17208,14148,1.22,17.01,245,357,1.42,2.07,4367,,3056,2183,1572,960,873,7.4,19,4,639.60,family-campers,204,8,2
2026-03-16,sale-percent-off | static | house | promo | sleeping-bag | polished | 2026-03-09,120000000012,active,125.44,10210,7861,1.30,12.29,95,135,0.93,1.32,,,,,,,,,7,3,190.70,past-visitors,76,3,1
2026-03-16,new-drop-two | carousel | house | launch | water-bottle | polished | 2026-03-13,120000000013,active,208.29,15988,11982,1.33,13.03,253,352,1.58,2.20,,,,,,,,,22,10,730.41,broad-prospecting,212,10,7
2026-03-16,comparison | static | house | bau | headlamp | polished | 2026-03-01,120000000014,active,313.71,20809,15204,1.37,15.08,331,486,1.59,2.34,,,,,,,,,30,9,1070.04,gear-upgraders,267,17,5
2026-03-16,unboxing | ugc-video | creator-05 | launch | camp-stove | lofi | 2026-03-13,120000000015,active,278.68,19394,15306,1.27,14.37,293,397,1.51,2.05,4789,1858,3352,2394,1724,1053,957,7.2,32,8,1093.87,broad-prospecting,246,18,4
2026-03-16,partnership-trail | partnership | creator-06 | promo | trail-boot | lofi | 2026-03-09,120000000016,active,94.71,5878,4783,1.23,16.11,94,134,1.60,2.28,1738,498,1216,869,625,382,347,7.9,7,4,422.73,broad-prospecting,78,4,1
2026-03-16,guarantee | static | house | bau | water-bottle | polished | 2026-03-01,120000000017,active,139.28,10590,7825,1.35,13.15,24,33,0.23,0.31,,,,,,,,,2,0,0.00,gear-upgraders,20,1,0
2026-03-16,before-after | ugc-video | creator-07 | bau | day-pack | lofi | 2026-03-01,120000000018,active,164.17,16769,13522,1.24,9.79,171,234,1.02,1.40,4191,1470,2933,2095,1508,922,838,7.9,14,4,452.27,weekend-hikers,135,7,2
2026-03-16,sale-last-chance | ugc-video | creator-08 | promo | rain-shell | lofi | 2026-03-16,120000000019,active,135.75,14016,11564,1.21,9.69,167,245,1.19,1.75,3671,969,2569,1835,1321,807,734,7.1,17,8,1268.05,past-visitors,143,8,3
2026-03-16,founder-note | founder-video | founder | launch | headlamp | lofi | 2026-03-16,120000000020,active,308.02,20940,17295,1.21,14.71,217,302,1.04,1.44,4949,2003,3464,2474,1781,1088,989,7.2,24,4,648.50,broad-prospecting,185,13,3
2026-03-16,staff-picks | carousel | house | bau | trail-boot | polished | 2026-03-01,120000000021,active,260.53,21790,15879,1.37,11.96,343,502,1.57,2.30,,,,,,,,,35,12,1691.90,gear-upgraders,293,19,6
2026-03-16,trail-diary | partnership | creator-09 | bau | tent-2p | lofi | 2026-03-01,120000000022,active,113.18,11686,9769,1.20,9.69,229,328,1.96,2.81,3013,1009,2109,1506,1084,662,602,5.5,18,8,1061.28,family-campers,178,9,4
2026-03-16,problem-cold-feet | ugc-video | creator-10 | bau | sleeping-bag | lofi | 2026-03-01,120000000023,active,167.59,10707,8116,1.32,15.65,165,226,1.54,2.11,2832,911,1982,1416,1019,623,566,4.9,18,3,288.18,weekend-hikers,141,9,1
2026-03-16,sale-bundle | carousel | house | promo | camp-stove | polished | 2026-03-09,120000000024,active,152.23,14498,10943,1.32,10.50,229,332,1.58,2.29,,,,,,,,,26,7,1055.95,past-visitors,193,15,2
2026-03-16,social-proof-reviews | static | house | bau | rain-shell | polished | 2026-03-01,120000000026,active,128.56,11401,8313,1.37,11.28,205,272,1.80,2.39,,,,,,,,,18,6,769.30,gear-upgraders,160,8,4
2026-03-16,fix-it-yourself | ugc-video | creator-12 | bau | camp-stove | lofi | 2026-03-01,120000000028,active,95.50,7774,6269,1.24,12.29,139,188,1.79,2.42,2145,711,1501,1072,772,471,429,7.4,13,2,271.36,family-campers,113,6,1
2026-03-16,gift-guide-two | carousel | house | promo | day-pack | polished | 2026-03-11,120000000029,active,170.67,15987,12809,1.25,10.68,292,387,1.83,2.42,,,,,,,,,28,6,545.08,broad-prospecting,239,14,2
2026-03-17,durability-test | ugc-video | creator-01 | bau | trail-boot | lofi | 2026-03-01,120000000001,active,383.20,31906,13255,2.41,12.01,485,702,1.52,2.20,8170,2466,5719,4085,2941,1797,1634,8.5,43,15,1664.99,weekend-hikers,416,23,7
2026-03-17,problem-first | ugc-video | creator-02 | bau | rain-shell | lofi | 2026-03-01,120000000002,active,94.00,9328,6991,1.33,10.08,161,233,1.73,2.50,2537,816,1775,1268,913,558,507,8.4,16,6,459.54,weekend-hikers,139,8,3
2026-03-17,social-proof | static | house | bau | day-pack | polished | 2026-03-01,120000000003,active,153.38,18746,14011,1.34,8.18,224,302,1.19,1.61,,,,,,,,,18,5,641.22,gear-upgraders,201,8,3
2026-03-17,sale-countdown | static | house | promo | tent-2p | polished | 2026-03-09,120000000004,active,148.73,10511,8418,1.25,14.15,223,294,2.12,2.80,,,,,,,,,25,8,1502.38,past-visitors,197,11,2
2026-03-17,gift-guide | carousel | house | promo | headlamp | polished | 2026-03-09,120000000005,active,58.70,4367,3388,1.29,13.44,76,101,1.74,2.31,,,,,,,,,8,2,238.45,broad-prospecting,60,4,1
2026-03-17,founder-story | founder-video | founder | bau | trail-boot | lofi | 2026-03-01,120000000006,active,99.31,9025,7234,1.25,11.00,119,173,1.32,1.92,1588,557,1111,794,571,349,317,4.0,10,3,253.66,family-campers,95,4,2
2026-03-17,new-drop | carousel | house | launch | sleeping-bag | polished | 2026-03-06,120000000007,active,169.35,17315,13070,1.32,9.78,236,332,1.36,1.92,,,,,,,,,24,6,948.91,broad-prospecting,210,12,3
2026-03-17,partnership-haul | partnership | creator-03 | bau | day-pack | lofi | 2026-03-01,120000000008,active,85.39,8052,6421,1.25,10.60,85,110,1.06,1.37,1860,564,1302,930,669,409,372,5.6,9,2,331.42,family-campers,67,5,1
2026-03-17,packing-list | carousel | house | bau | camp-stove | polished | 2026-03-01,120000000009,active,268.54,18686,13776,1.36,14.37,335,464,1.79,2.48,,,,,,,,,38,11,1253.28,family-campers,283,20,6
2026-03-17,weather-ready | ugc-video | creator-04 | bau | rain-shell | lofi | 2026-03-01,120000000010,active,191.12,12917,10324,1.25,14.80,223,311,1.73,2.41,3393,1005,2375,1696,1221,746,678,7.7,24,4,326.49,weekend-hikers,196,12,2
2026-03-17,behind-the-seams | founder-video | founder | bau | tent-2p | lofi | 2026-03-01,120000000011,active,215.52,13559,11279,1.20,15.90,200,276,1.48,2.04,3180,,2226,1590,1144,699,636,6.4,16,8,1245.86,family-campers,167,8,5
2026-03-17,sale-percent-off | static | house | promo | sleeping-bag | polished | 2026-03-09,120000000012,active,104.23,9317,7172,1.30,11.19,82,118,0.88,1.27,,,,,,,,,8,2,162.18,past-visitors,64,4,1
2026-03-17,new-drop-two | carousel | house | launch | water-bottle | polished | 2026-03-13,120000000013,active,200.48,16250,12132,1.34,12.34,213,277,1.31,1.70,,,,,,,,,22,7,571.22,broad-prospecting,174,10,4
2026-03-17,comparison | static | house | bau | headlamp | polished | 2026-03-01,120000000014,active,273.73,18179,12913,1.41,15.06,285,388,1.57,2.13,,,,,,,,,33,9,910.94,gear-upgraders,233,17,5
2026-03-17,unboxing | ugc-video | creator-05 | launch | camp-stove | lofi | 2026-03-13,120000000015,active,235.99,15559,11950,1.30,15.17,208,281,1.34,1.81,4117,1353,2881,2058,1482,905,823,5.6,18,7,660.32,broad-prospecting,174,8,4
2026-03-17,partnership-trail | partnership | creator-06 | promo | trail-boot | lofi | 2026-03-09,120000000016,active,108.18,6833,5602,1.22,15.83,104,143,1.52,2.09,1833,569,1283,916,659,403,366,8.8,11,3,293.38,broad-prospecting,87,6,1
2026-03-17,guarantee | static | house | bau | water-bottle | polished | 2026-03-01,120000000017,active,97.36,8257,6138,1.35,11.79,19,26,0.23,0.31,,,,,,,,,2,0,0.00,gear-upgraders,16,1,0
2026-03-17,before-after | ugc-video | creator-07 | bau | day-pack | lofi | 2026-03-01,120000000018,active,147.52,14977,11676,1.28,9.85,156,227,1.04,1.52,4000,1325,2800,2000,1440,880,800,4.4,13,3,390.46,weekend-hikers,127,6,2
2026-03-17,sale-last-chance | ugc-video | creator-08 | promo | rain-shell | lofi | 2026-03-16,120000000019,active,137.47,13129,10502,1.25,10.47,135,196,1.03,1.49,3586,1047,2510,1793,1290,788,717,8.3,14,4,444.86,past-visitors,108,8,1
2026-03-17,founder-note | founder-video | founder | launch | headlamp | lofi | 2026-03-16,120000000020,active,253.17,16764,13794,1.22,15.10,181,259,1.08,1.54,4763,1627,3334,2381,1714,1047,952,6.1,16,3,544.11,broad-prospecting,145,9,2
2026-03-17,staff-picks | carousel | house | bau | trail-boot | polished | 2026-03-01,120000000021,active,242.09,18682,13587,1.37,12.96,284,446,1.52,2.39,,,,,,,,,27,11,1743.47,gear-upgraders,250,13,7
2026-03-17,trail-diary | partnership | creator-09 | bau | tent-2p | lofi | 2026-03-01,120000000022,active,124.51,13197,10953,1.20,9.43,287,382,2.17,2.89,3643,1133,2550,1821,1311,801,728,7.7,28,8,896.21,family-campers,225,16,4
2026-03-17,problem-cold-feet | ugc-video | creator-10 | bau | sleeping-bag | lofi | 2026-03-01,120000000023,active,212.16,14276,10794,1.32,14.86,274,364,1.92,2.55,3915,1119,2740,1957,1409,861,783,8.2,31,6,765.62,weekend-hikers,214,17,3
2026-03-17,sale-bundle | carousel | house | promo | camp-stove | polished | 2026-03-09,120000000024,active,163.87,16224,11727,1.38,10.10,250,370,1.54,2.28,,,,,,,,,23,9,1056.93,past-visitors,216,13,2
2026-03-17,social-proof-reviews | static | house | bau | rain-shell | polished | 2026-03-01,120000000026,active,106.14,9384,6781,1.38,11.31,178,237,1.90,2.53,,,,,,,,,21,6,843.92,gear-upgraders,160,11,3
2026-03-17,fix-it-yourself | ugc-video | creator-12 | bau | camp-stove | lofi | 2026-03-01,120000000028,active,77.94,7073,5816,1.22,11.02,115,156,1.63,2.21,1594,520,1115,797,573,350,318,6.6,13,2,235.67,family-campers,96,6,1
2026-03-17,gift-guide-two | carousel | house | promo | day-pack | polished | 2026-03-11,120000000029,active,161.44,15098,12028,1.26,10.69,219,295,1.45,1.95,,,,,,,,,26,4,412.15,broad-prospecting,179,13,1
2026-03-18,durability-test | ugc-video | creator-01 | bau | trail-boot | lofi | 2026-03-01,120000000001,active,258.37,19844,7928,2.50,13.02,272,392,1.37,1.98,4889,1272,3422,2444,1760,1075,977,4.9,28,11,1004.65,weekend-hikers,217,14,5
2026-03-18,problem-first | ugc-video | creator-02 | bau | rain-shell | lofi | 2026-03-01,120000000002,active,100.50,8913,6516,1.37,11.28,158,230,1.77,2.58,2327,825,1628,1163,837,511,465,5.7,12,4,314.35,weekend-hikers,140,7,3
2026-03-18,social-proof | static | house | bau | day-pack | polished | 2026-03-01,120000000003,active,143.32,15002,11452,1.31,9.55,160,206,1.07,1.37,,,,,,,,,17,8,875.18,gear-upgraders,135,8,5
2026-03-18,sale-countdown | static | house | promo | tent-2p | polished | 2026-03-09,120000000004,active,146.14,11440,9338,1.23,12.77,227,313,1.98,2.74,,,,,,,,,26,8,1190.33,past-visitors,202,14,3
2026-03-18,gift-guide | carousel | house | promo | headlamp | polished | 2026-03-09,120000000005,active,51.79,3611,2736,1.32,14.34,72,94,1.99,2.60,,,,,,,,,5,2,200.45,broad-prospecting,56,2,1
2026-03-18,founder-story | founder-video | founder | bau | trail-boot | lofi | 2026-03-01,120000000006,active,75.00,7030,5458,1.29,10.67,76,104,1.08,1.48,1505,565,1053,752,541,331,301,7.2,7,1,96.42,family-campers,67,3,0
2026-03-18,new-drop | carousel | house | launch | sleeping-bag | polished | 2026-03-06,120000000007,active,140.20,15220,11248,1.35,9.21,213,286,1.40,1.88,,,,,,,,,19,7,933.80,broad-prospecting,183,9,3
2026-03-18,partnership-haul | partnership | creator-03 | bau | day-pack | lofi | 2026-03-01,120000000008,active,109.96,9386,7680,1.22,11.71,93,126,0.99,1.34,2298,784,1608,1149,827,505,459,6.5,7,3,570.97,family-campers,72,4,2
2026-03-18,packing-list | carousel | house | bau | camp-stove | polished | 2026-03-01,120000000009,active,313.24,22567,16917,1.33,13.88,336,467,1.49,2.07,,,,,,,,,32,8,808.39,family-campers,270,15,3
2026-03-18,weather-ready | ugc-video | creator-04 | bau | rain-shell | lofi | 2026-03-01,120000000010,active,182.21,12223,9724,1.26,14.91,203,289,1.66,2.36,3330,910,2331,1665,1198,732,666,5.3,20,5,483.77,weekend-hikers,182,10,3
2026-03-18,behind-the-seams | founder-video | founder | bau | tent-2p | lofi | 2026-03-01,120000000011,active,220.00,14228,11739,1.21,15.46,226,308,1.59,2.16,3264,,2284,1632,1175,718,652,5.8,24,7,1032.52,family-campers,192,12,5
2026-03-18,sale-percent-off | static | house | promo | sleeping-bag | polished | 2026-03-09,120000000012,active,121.64,11125,8183,1.36,10.93,107,157,0.96,1.41,,,,,,,,,10,6,457.31,past-visitors,89,6,2
2026-03-18,new-drop-two | carousel | house | launch | water-bottle | polished | 2026-03-13,120000000013,active,253.03,19534,14258,1.37,12.95,335,457,1.71,2.34,,,,,,,,,31,9,820.33,broad-prospecting,276,18,4
2026-03-18,comparison | static | house | bau | headlamp | polished | 2026-03-01,120000000014,active,387.25,22591,16493,1.37,17.14,401,534,1.78,2.36,,,,,,,,,37,17,2326.31,gear-upgraders,337,18,9
2026-03-18,unboxing | ugc-video | creator-05 | launch | camp-stove | lofi | 2026-03-13,120000000015,active,311.32,19515,14765,1.32,15.95,324,450,1.66,2.31,4809,1908,3366,2404,1731,1057,961,6.0,34,6,698.06,broad-prospecting,285,17,3
2026-03-18,partnership-trail | partnership | creator-06 | promo | trail-boot | lofi | 2026-03-09,120000000016,active,80.55,4867,4100,1.19,16.55,60,81,1.23,1.66,1409,412,986,704,507,309,281,5.1,5,3,229.92,broad-prospecting,49,3,1
2026-03-18,guarantee | static | house | bau | water-bottle | polished | 2026-03-01,120000000017,active,122.10,9710,7211,1.35,12.57,19,28,0.20,0.29,,,,,,,,,2,0,0.00,gear-upgraders,16,1,0
2026-03-18,before-after | ugc-video | creator-07 | bau | day-pack | lofi | 2026-03-01,120000000018,active,137.83,14107,11342,1.24,9.77,138,198,0.98,1.40,3402,1065,2381,1701,1224,748,680,6.4,15,3,369.96,weekend-hikers,108,7,2
2026-03-18,sale-last-chance | ugc-video | creator-08 | promo | rain-shell | lofi | 2026-03-16,120000000019,active,121.09,12422,9967,1.25,9.75,115,171,0.93,1.38,3592,1089,2514,1796,1293,790,718,8.0,11,3,491.71,past-visitors,95,5,1
2026-03-18,founder-note | founder-video | founder | launch | headlamp | lofi | 2026-03-16,120000000020,active,308.65,22251,17832,1.25,13.87,188,262,0.84,1.18,5667,2232,3966,2833,2040,1246,1133,4.7,18,7,1017.01,broad-prospecting,158,9,3
2026-03-18,staff-picks | carousel | house | bau | trail-boot | polished | 2026-03-01,120000000021,active,275.82,23806,17240,1.38,11.59,423,645,1.78,2.71,,,,,,,,,45,18,3071.22,gear-upgraders,332,25,11
2026-03-18,trail-diary | partnership | creator-09 | bau | tent-2p | lofi | 2026-03-01,120000000022,active,139.60,13206,10952,1.21,10.57,207,291,1.57,2.20,2979,997,2085,1489,1072,655,595,6.3,23,7,991.25,family-campers,161,13,4
2026-03-18,problem-cold-feet | ugc-video | creator-10 | bau | sleeping-bag | lofi | 2026-03-01,120000000023,active,190.91,11589,8764,1.32,16.47,183,244,1.58,2.11,3444,1058,2410,1722,1239,757,688,4.9,17,5,415.61,weekend-hikers,147,8,3
2026-03-18,sale-bundle | carousel | house | promo | camp-stove | polished | 2026-03-09,120000000024,active,144.59,15437,11528,1.34,9.37,258,393,1.67,2.55,,,,,,,,,29,12,2120.63,past-visitors,216,13,3
2026-03-18,social-proof-reviews | static | house | bau | rain-shell | polished | 2026-03-01,120000000026,active,113.71,10580,7753,1.36,10.75,202,260,1.91,2.46,,,,,,,,,22,5,716.71,gear-upgraders,170,10,3
2026-03-18,fix-it-yourself | ugc-video | creator-12 | bau | camp-stove | lofi | 2026-03-01,120000000028,active,106.01,9025,7166,1.26,11.75,139,187,1.54,2.07,2204,669,1542,1102,793,484,440,5.9,15,3,437.13,family-campers,115,8,1
2026-03-18,gift-guide-two | carousel | house | promo | day-pack | polished | 2026-03-11,120000000029,active,118.79,12423,9960,1.25,9.56,226,325,1.82,2.62,,,,,,,,,27,3,378.52,broad-prospecting,195,14,1
2026-03-19,durability-test | ugc-video | creator-01 | bau | trail-boot | lofi | 2026-03-01,120000000001,active,301.74,21436,8333,2.57,14.08,310,450,1.45,2.10,5279,1515,3695,2639,1900,1161,1055,4.8,29,13,1253.24,weekend-hikers,250,13,5
2026-03-19,problem-first | ugc-video | creator-02 | bau | rain-shell | lofi | 2026-03-01,120000000002,active,88.34,8687,6441,1.35,10.17,158,217,1.82,2.50,2385,797,1669,1192,858,524,477,5.9,13,7,500.14,weekend-hikers,71,7,5
2026-03-19,social-proof | static | house | bau | day-pack | polished | 2026-03-01,120000000003,active,136.91,15620,12068,1.29,8.76,171,225,1.09,1.44,,,,,,,,,18,7,973.06,gear-upgraders,133,8,3
2026-03-19,sale-countdown | static | house | promo | tent-2p | polished | 2026-03-09,120000000004,active,148.64,10360,8322,1.24,14.35,183,254,1.77,2.45,,,,,,,,,15,2,283.80,past-visitors,150,7,1
2026-03-19,gift-guide | carousel | house | promo | headlamp | polished | 2026-03-09,120000000005,active,61.49,4491,3339,1.35,13.69,84,117,1.87,2.61,,,,,,,,,9,2,210.19,broad-prospecting,68,4,1
2026-03-19,founder-story | founder-video | founder | bau | trail-boot | lofi | 2026-03-01,120000000006,active,71.38,7120,5727,1.24,10.03,92,131,1.29,1.84,1435,513,1004,717,516,315,287,7.6,10,2,166.28,family-campers,78,5,1
2026-03-19,new-drop | carousel | house | launch | sleeping-bag | polished | 2026-03-06,120000000007,active,125.96,13182,9820,1.34,9.56,135,191,1.02,1.45,,,,,,,,,13,6,718.16,broad-prospecting,119,6,2
2026-03-19,partnership-haul | partnership | creator-03 | bau | day-pack | lofi | 2026-03-01,120000000008,active,111.01,10068,8194,1.23,11.03,111,144,1.10,1.43,2587,839,1810,1293,931,569,517,6.2,9,5,724.43,family-campers,92,5,3
2026-03-19,packing-list | carousel | house | bau | camp-stove | polished | 2026-03-01,120000000009,active,268.34,20381,15252,1.34,13.17,305,428,1.50,2.10,,,,,,,,,25,12,1291.10,family-campers,243,14,7
2026-03-19,weather-ready | ugc-video | creator-04 | bau | rain-shell | lofi | 2026-03-01,120000000010,active,150.41,9640,7929,1.22,15.60,159,226,1.65,2.34,2505,763,1753,1252,901,551,501,5.5,12,5,582.81,weekend-hikers,139,6,3
2026-03-19,behind-the-seams | founder-video | founder | bau | tent-2p | lofi | 2026-03-01,120000000011,active,253.39,16293,13164,1.24,15.55,266,393,1.63,2.41,3816,,2671,1908,1373,839,763,4.3,30,9,1275.95,family-campers,222,15,4
2026-03-19,sale-percent-off | static | house | promo | sleeping-bag | polished | 2026-03-09,120000000012,active,126.20,10040,7605,1.32,12.57,91,138,0.91,1.37,,,,,,,,,9,2,149.09,past-visitors,81,5,1
2026-03-19,new-drop-two | carousel | house | launch | water-bottle | polished | 2026-03-13,120000000013,active,267.49,19473,14391,1.35,13.74,278,387,1.43,1.99,,,,,,,,,31,9,735.07,broad-prospecting,237,17,4
2026-03-19,comparison | static | house | bau | headlamp | polished | 2026-03-01,120000000014,active,399.83,23018,16328,1.41,17.37,394,563,1.71,2.45,,,,,,,,,32,13,1781.12,gear-upgraders,352,16,8
2026-03-19,unboxing | ugc-video | creator-05 | launch | camp-stove | lofi | 2026-03-13,120000000015,active,310.78,18542,14447,1.28,16.76,256,346,1.38,1.87,4633,1916,3243,2316,1667,1019,926,7.5,22,5,616.10,broad-prospecting,216,12,3
2026-03-19,partnership-trail | partnership | creator-06 | promo | trail-boot | lofi | 2026-03-09,120000000016,active,99.66,5965,4977,1.20,16.71,95,138,1.59,2.31,1624,437,1136,812,584,357,324,7.7,11,4,377.64,broad-prospecting,83,5,1
2026-03-19,guarantee | static | house | bau | water-bottle | polished | 2026-03-01,120000000017,active,94.62,8045,5976,1.35,11.76,21,30,0.26,0.37,,,,,,,,,1,0,0.00,gear-upgraders,18,0,0
2026-03-19,before-after | ugc-video | creator-07 | bau | day-pack | lofi | 2026-03-01,120000000018,active,135.59,14020,10803,1.30,9.67,167,232,1.19,1.65,3444,1181,2410,1722,1239,757,688,6.1,14,2,224.16,weekend-hikers,148,7,1
2026-03-19,sale-last-chance | ugc-video | creator-08 | promo | rain-shell | lofi | 2026-03-16,120000000019,active,146.95,13763,11427,1.20,10.68,133,186,0.97,1.35,3913,1053,2739,1956,1408,860,782,6.4,15,4,703.31,past-visitors,119,7,1
2026-03-19,founder-note | founder-video | founder | launch | headlamp | lofi | 2026-03-16,120000000020,active,438.37,27751,22055,1.26,15.80,244,331,0.88,1.19,6589,2698,4612,3294,2372,1449,1317,4.2,20,6,829.47,broad-prospecting,190,9,3
2026-03-19,staff-picks | carousel | house | bau | trail-boot | polished | 2026-03-01,120000000021,active,271.22,22150,16032,1.38,12.24,310,471,1.40,2.13,,,,,,,,,37,9,1765.09,gear-upgraders,266,16,5
2026-03-19,trail-diary | partnership | creator-09 | bau | tent-2p | lofi | 2026-03-01,120000000022,active,115.70,11752,9729,1.21,9.85,210,282,1.79,2.40,2974,1013,2081,1487,1070,654,594,8.8,18,5,547.81,family-campers,167,9,2
2026-03-19,problem-cold-feet | ugc-video | creator-10 | bau | sleeping-bag | lofi | 2026-03-01,120000000023,active,163.84,10972,8552,1.28,14.93,185,249,1.69,2.27,3201,1015,2240,1600,1152,704,640,8.2,15,4,390.65,weekend-hikers,165,8,3
2026-03-19,sale-bundle | carousel | house | promo | camp-stove | polished | 2026-03-09,120000000024,active,147.01,14777,10674,1.38,9.95,249,349,1.69,2.36,,,,,,,,,20,10,1098.38,past-visitors,200,10,2
2026-03-19,new-drop-three | static | house | launch | day-pack | polished | 2026-03-19,120000000025,active,166.73,15272,12477,1.22,10.92,220,285,1.44,1.87,,,,,,,,,26,12,1884.67,broad-prospecting,193,12,6
2026-03-19,social-proof-reviews | static | house | bau | rain-shell | polished | 2026-03-01,120000000026,active,133.58,11703,8399,1.39,11.41,201,263,1.72,2.25,,,,,,,,,21,4,655.84,gear-upgraders,157,11,3
2026-03-19,partnership-camp | partnership | creator-11 | launch | water-bottle | lofi | 2026-03-19,120000000027,active,67.17,6144,5180,1.19,10.93,92,131,1.50,2.13,1603,578,1122,801,577,352,320,7.8,10,3,207.90,broad-prospecting,78,5,1
2026-03-19,fix-it-yourself | ugc-video | creator-12 | bau | camp-stove | lofi | 2026-03-01,120000000028,active,81.19,7031,5556,1.27,11.55,114,160,1.62,2.28,1721,590,1204,860,619,378,344,8.5,11,2,290.44,family-campers,95,5,1
2026-03-19,gift-guide-two | carousel | house | promo | day-pack | polished | 2026-03-11,120000000029,active,115.34,12354,9773,1.26,9.34,231,326,1.87,2.64,,,,,,,,,27,6,668.52,broad-prospecting,206,13,1
2026-03-20,durability-test | ugc-video | creator-01 | bau | trail-boot | lofi | 2026-03-01,120000000001,active,316.06,24562,9262,2.65,12.87,354,478,1.44,1.95,5908,1663,4135,2954,2126,1299,1181,8.9,37,9,1039.42,weekend-hikers,293,21,3
2026-03-20,problem-first | ugc-video | creator-02 | bau | rain-shell | lofi | 2026-03-01,120000000002,active,102.31,10040,7397,1.36,10.19,170,254,1.69,2.53,2716,895,1901,1358,977,597,543,8.7,15,6,476.08,weekend-hikers,75,6,3
2026-03-20,social-proof | static | house | bau | day-pack | polished | 2026-03-01,120000000003,active,166.86,16926,12962,1.31,9.86,187,245,1.10,1.45,,,,,,,,,17,9,1144.30,gear-upgraders,164,9,5
2026-03-20,sale-countdown | static | house | promo | tent-2p | polished | 2026-03-09,120000000004,active,125.45,8994,7396,1.22,13.95,162,215,1.80,2.39,,,,,,,,,14,6,1058.85,past-visitors,138,7,2
2026-03-20,gift-guide | carousel | house | promo | headlamp | polished | 2026-03-09,120000000005,active,51.21,3939,2935,1.34,13.00,75,104,1.90,2.64,,,,,,,,,8,2,274.66,broad-prospecting,66,3,1
2026-03-20,founder-story | founder-video | founder | bau | trail-boot | lofi | 2026-03-01,120000000006,active,82.67,7238,5641,1.28,11.42,80,118,1.11,1.63,1357,502,949,678,488,298,271,6.8,8,3,231.13,family-campers,67,3,2
2026-03-20,new-drop | carousel | house | launch | sleeping-bag | polished | 2026-03-06,120000000007,active,105.79,11496,8583,1.34,9.20,172,261,1.50,2.27,,,,,,,,,15,3,366.18,broad-prospecting,137,7,1
2026-03-20,partnership-haul | partnership | creator-03 | bau | day-pack | lofi | 2026-03-01,120000000008,active,110.40,9759,7747,1.26,11.31,124,162,1.27,1.66,2287,672,1600,1143,823,503,457,8.2,10,4,700.41,family-campers,98,5,2
2026-03-20,packing-list | carousel | house | bau | camp-stove | polished | 2026-03-01,120000000009,active,271.95,19794,14468,1.37,13.74,321,465,1.62,2.35,,,,,,,,,29,9,1103.06,family-campers,282,14,6
2026-03-20,weather-ready | ugc-video | creator-04 | bau | rain-shell | lofi | 2026-03-01,120000000010,active,180.33,11697,9362,1.25,15.42,220,307,1.88,2.62,3112,890,2178,1556,1120,684,622,4.8,23,7,521.19,weekend-hikers,181,13,3
2026-03-20,behind-the-seams | founder-video | founder | bau | tent-2p | lofi | 2026-03-01,120000000011,active,243.18,16106,13261,1.21,15.10,247,330,1.53,2.05,3397,,2377,1698,1222,747,679,6.7,19,8,1170.52,family-campers,216,10,4
2026-03-20,sale-percent-off | static | house | promo | sleeping-bag | polished | 2026-03-09,120000000012,active,122.68,9302,7096,1.31,13.19,90,122,0.97,1.31,,,,,,,,,8,3,234.04,past-visitors,72,4,1
2026-03-20,new-drop-two | carousel | house | launch | water-bottle | polished | 2026-03-13,120000000013,active,218.22,17850,13194,1.35,12.23,246,326,1.38,1.83,,,,,,,,,20,8,657.28,broad-prospecting,219,10,3
2026-03-20,comparison | static | house | bau | headlamp | polished | 2026-03-01,120000000014,active,361.54,22435,15809,1.42,16.12,336,501,1.50,2.23,,,,,,,,,29,11,1512.01,gear-upgraders,299,13,8
2026-03-20,unboxing | ugc-video | creator-05 | launch | camp-stove | lofi | 2026-03-13,120000000015,active,236.54,17299,13018,1.33,13.67,305,404,1.76,2.34,4875,1891,3412,2437,1755,1072,975,7.6,33,7,962.78,broad-prospecting,249,15,3
2026-03-20,partnership-trail | partnership | creator-06 | promo | trail-boot | lofi | 2026-03-09,120000000016,active,102.38,5873,4773,1.23,17.43,108,150,1.84,2.55,1575,434,1102,787,567,346,315,7.3,9,4,443.34,broad-prospecting,91,4,1
2026-03-20,guarantee | static | house | bau | water-bottle | polished | 2026-03-01,120000000017,active,105.25,8061,6030,1.34,13.06,22,32,0.27,0.40,,,,,,,,,2,0,0.00,gear-upgraders,18,0,0
2026-03-20,before-after | ugc-video | creator-07 | bau | day-pack | lofi | 2026-03-01,120000000018,active,133.21,13582,10443,1.30,9.81,139,203,1.02,1.49,3632,1245,2542,1816,1307,799,726,7.0,16,3,358.90,weekend-hikers,113,7,1
2026-03-20,sale-last-chance | ugc-video | creator-08 | promo | rain-shell | lofi | 2026-03-16,120000000019,active,136.09,12826,10455,1.23,10.61,139,190,1.08,1.48,3601,967,2520,1800,1296,792,720,5.4,13,4,674.53,past-visitors,120,7,1
2026-03-20,founder-note | founder-video | founder | launch | headlamp | lofi | 2026-03-16,120000000020,active,393.84,24897,19915,1.25,15.82,266,364,1.07,1.46,5865,2045,4105,2932,2111,1290,1173,8.7,26,5,786.27,broad-prospecting,210,15,3
2026-03-20,staff-picks | carousel | house | bau | trail-boot | polished | 2026-03-01,120000000021,active,275.13,23658,16990,1.39,11.63,431,620,1.82,2.62,,,,,,,,,50,13,1992.34,gear-upgraders,381,27,8
2026-03-20,trail-diary | partnership | creator-09 | bau | tent-2p | lofi | 2026-03-01,120000000022,active,91.50,9225,7548,1.22,9.92,193,277,2.09,3.00,2351,810,1645,1175,846,517,470,7.7,21,6,682.67,family-campers,167,10,4
2026-03-20,problem-cold-feet | ugc-video | creator-10 | bau | sleeping-bag | lofi | 2026-03-01,120000000023,active,186.23,11710,9037,1.30,15.90,224,298,1.91,2.54,3310,1099,2317,1655,1191,728,662,8.8,21,7,760.10,weekend-hikers,191,10,4
2026-03-20,sale-bundle | carousel | house | promo | camp-stove | polished | 2026-03-09,120000000024,active,150.21,17307,12562,1.38,8.68,236,362,1.36,2.09,,,,,,,,,27,8,1291.63,past-visitors,186,14,3
2026-03-20,new-drop-three | static | house | launch | day-pack | polished | 2026-03-19,120000000025,active,134.60,11164,8799,1.27,12.06,155,215,1.39,1.93,,,,,,,,,15,5,789.54,broad-prospecting,130,8,3
2026-03-20,social-proof-reviews | static | house | bau | rain-shell | polished | 2026-03-01,120000000026,active,118.00,11102,8270,1.34,10.63,200,260,1.80,2.34,,,,,,,,,22,5,846.74,gear-upgraders,178,10,3
2026-03-20,partnership-camp | partnership | creator-11 | launch | water-bottle | lofi | 2026-03-19,120000000027,active,93.11,7631,6468,1.18,12.20,119,173,1.56,2.27,2007,771,1404,1003,722,441,401,8.9,12,4,352.04,broad-prospecting,103,6,2
2026-03-20,fix-it-yourself | ugc-video | creator-12 | bau | camp-stove | lofi | 2026-03-01,120000000028,active,72.38,6315,5011,1.26,11.46,95,137,1.50,2.17,1556,471,1089,778,560,342,311,4.4,8,3,383.41,family-campers,83,4,2
2026-03-20,gift-guide-two | carousel | house | promo | day-pack | polished | 2026-03-11,120000000029,active,134.88,14268,11231,1.27,9.45,294,396,2.06,2.78,,,,,,,,,23,7,759.93,broad-prospecting,253,11,2
2026-03-21,durability-test | ugc-video | creator-01 | bau | trail-boot | lofi | 2026-03-01,120000000001,active,228.01,17385,6418,2.71,13.12,175,261,1.01,1.50,4039,1176,2827,2019,1454,888,807,6.9,19,5,560.19,weekend-hikers,153,11,3
2026-03-21,problem-first | ugc-video | creator-02 | bau | rain-shell | lofi | 2026-03-01,120000000002,active,92.16,8532,6307,1.35,10.80,160,240,1.88,2.81,2048,636,1433,1024,737,450,409,8.7,18,7,466.68,weekend-hikers,65,7,3
2026-03-21,social-proof | static | house | bau | day-pack | polished | 2026-03-01,120000000003,active,133.33,15748,12031,1.31,8.47,197,262,1.25,1.66,,,,,,,,,19,9,911.76,gear-upgraders,173,9,6
2026-03-21,sale-countdown | static | house | promo | tent-2p | polished | 2026-03-09,120000000004,active,124.39,9624,7709,1.25,12.92,177,230,1.84,2.39,,,,,,,,,17,4,520.95,past-visitors,154,9,1
2026-03-21,gift-guide | carousel | house | promo | headlamp | polished | 2026-03-09,120000000005,active,62.11,4609,3487,1.32,13.48,82,119,1.78,2.58,,,,,,,,,7,1,159.56,broad-prospecting,71,3,0
2026-03-21,founder-story | founder-video | founder | bau | trail-boot | lofi | 2026-03-01,120000000006,active,89.42,7786,5993,1.30,11.48,84,123,1.08,1.58,1456,480,1019,728,524,320,291,5.7,7,1,82.81,family-campers,69,3,0
2026-03-21,new-drop | carousel | house | launch | sleeping-bag | polished | 2026-03-06,120000000007,active,108.89,12014,8600,1.40,9.06,143,207,1.19,1.72,,,,,,,,,16,5,651.70,broad-prospecting,126,8,3
2026-03-21,partnership-haul | partnership | creator-03 | bau | day-pack | lofi | 2026-03-01,120000000008,active,80.71,7363,5803,1.27,10.96,80,100,1.09,1.36,1841,574,1288,920,662,405,368,8.4,7,3,391.30,family-campers,69,4,2
2026-03-21,packing-list | carousel | house | bau | camp-stove | polished | 2026-03-01,120000000009,active,243.48,18224,13519,1.35,13.36,305,420,1.67,2.30,,,,,,,,,33,9,1216.31,family-campers,248,17,5
2026-03-21,weather-ready | ugc-video | creator-04 | bau | rain-shell | lofi | 2026-03-01,120000000010,active,200.35,14152,11392,1.24,14.16,260,374,1.84,2.64,3445,986,2411,1722,1240,757,689,8.2,29,6,548.12,weekend-hikers,223,15,3
2026-03-21,behind-the-seams | founder-video | founder | bau | tent-2p | lofi | 2026-03-01,120000000011,active,179.46,12996,10406,1.25,13.81,223,295,1.72,2.27,3157,,2209,1578,1136,694,631,5.9,21,7,1221.54,family-campers,198,10,4
2026-03-21,sale-percent-off | static | house | promo | sleeping-bag | polished | 2026-03-09,120000000012,active,114.87,9169,6822,1.34,12.53,73,105,0.80,1.15,,,,,,,,,6,2,138.95,past-visitors,61,3,0
2026-03-21,new-drop-two | carousel | house | launch | water-bottle | polished | 2026-03-13,120000000013,active,188.03,15147,10949,1.38,12.41,247,337,1.63,2.22,,,,,,,,,21,10,861.49,broad-prospecting,203,11,4
2026-03-21,comparison | static | house | bau | headlamp | polished | 2026-03-01,120000000014,active,353.04,20707,15097,1.37,17.05,274,402,1.32,1.94,,,,,,,,,24,11,1695.40,gear-upgraders,241,12,5
2026-03-21,unboxing | ugc-video | creator-05 | launch | camp-stove | lofi | 2026-03-13,120000000015,active,280.35,17205,13110,1.31,16.29,285,401,1.66,2.33,4442,1792,3109,2221,1599,977,888,8.5,34,6,827.35,broad-prospecting,234,19,3
2026-03-21,partnership-trail | partnership | creator-06 | promo | trail-boot | lofi | 2026-03-09,120000000016,active,91.28,5665,4624,1.23,16.11,94,130,1.66,2.29,1684,518,1178,842,606,370,336,8.8,7,3,266.87,broad-prospecting,73,4,1
2026-03-21,guarantee | static | house | bau | water-bottle | polished | 2026-03-01,120000000017,active,107.59,8380,6095,1.37,12.84,20,28,0.24,0.33,,,,,,,,,2,0,0.00,gear-upgraders,15,1,0
2026-03-21,before-after | ugc-video | creator-07 | bau | day-pack | lofi | 2026-03-01,120000000018,active,132.27,13805,10805,1.28,9.58,166,242,1.20,1.75,3704,1405,2592,1852,1333,814,740,8.0,18,4,452.65,weekend-hikers,144,8,2
2026-03-21,sale-last-chance | ugc-video | creator-08 | promo | rain-shell | lofi | 2026-03-16,120000000019,active,149.35,15106,12273,1.23,9.89,160,223,1.06,1.48,4090,1182,2863,2045,1472,899,818,4.3,14,8,1355.84,past-visitors,142,8,3
2026-03-21,founder-note | founder-video | founder | launch | headlamp | lofi | 2026-03-16,120000000020,active,382.11,23731,19190,1.24,16.10,260,362,1.10,1.53,5977,2141,4183,2988,2151,1314,1195,7.9,26,7,1126.80,broad-prospecting,224,12,3
2026-03-21,staff-picks | carousel | house | bau | trail-boot | polished | 2026-03-01,120000000021,active,234.67,19079,13821,1.38,12.30,279,415,1.46,2.18,,,,,,,,,28,10,1733.96,gear-upgraders,231,13,5
2026-03-21,trail-diary | partnership | creator-09 | bau | tent-2p | lofi | 2026-03-01,120000000022,active,97.13,9437,7588,1.24,10.29,191,287,2.02,3.04,2446,872,1712,1223,880,538,489,5.8,18,3,367.38,family-campers,150,10,1
2026-03-21,problem-cold-feet | ugc-video | creator-10 | bau | sleeping-bag | lofi | 2026-03-01,120000000023,active,181.67,11861,9157,1.30,15.32,231,315,1.95,2.66,3234,1239,2263,1617,1164,711,646,5.9,23,4,425.30,weekend-hikers,198,13,3
2026-03-21,sale-bundle | carousel | house | promo | camp-stove | polished | 2026-03-09,120000000024,active,151.41,16100,11626,1.38,9.40,238,355,1.48,2.20,,,,,,,,,24,13,2118.62,past-visitors,187,13,4
2026-03-21,new-drop-three | static | house | launch | day-pack | polished | 2026-03-19,120000000025,active,145.85,13187,10370,1.27,11.06,189,249,1.43,1.89,,,,,,,,,17,5,818.54,broad-prospecting,161,8,3
2026-03-21,social-proof-reviews | static | house | bau | rain-shell | polished | 2026-03-01,120000000026,active,103.52,9532,7085,1.35,10.86,181,235,1.90,2.47,,,,,,,,,17,8,1129.98,gear-upgraders,145,8,5
2026-03-21,partnership-camp | partnership | creator-11 | launch | water-bottle | lofi | 2026-03-19,120000000027,active,99.06,8358,7237,1.15,11.85,131,191,1.57,2.29,2600,985,1819,1300,936,572,520,8.7,13,5,429.78,broad-prospecting,109,6,2
2026-03-21,fix-it-yourself | ugc-video | creator-12 | bau | camp-stove | lofi | 2026-03-01,120000000028,active,82.80,6934,5677,1.22,11.94,81,117,1.17,1.69,1741,600,1218,870,626,383,348,5.4,9,2,262.10,family-campers,69,4,1
2026-03-21,gift-guide-two | carousel | house | promo | day-pack | polished | 2026-03-11,120000000029,active,168.72,16420,12911,1.27,10.28,285,386,1.74,2.35,,,,,,,,,32,3,371.62,broad-prospecting,235,16,1
2026-03-22,durability-test | ugc-video | creator-01 | bau | trail-boot | lofi | 2026-03-01,120000000001,active,310.70,22666,8219,2.76,13.71,294,422,1.30,1.86,4627,1375,3238,2313,1665,1017,925,6.5,28,5,447.67,weekend-hikers,239,13,3
2026-03-22,problem-first | ugc-video | creator-02 | bau | rain-shell | lofi | 2026-03-01,120000000002,active,86.23,8592,6250,1.37,10.04,154,217,1.79,2.53,2564,919,1794,1282,923,564,512,4.6,16,4,287.96,weekend-hikers,59,4,2
2026-03-22,social-proof | static | house | bau | day-pack | polished | 2026-03-01,120000000003,active,149.19,16254,12005,1.35,9.18,204,275,1.26,1.69,,,,,,,,,24,4,441.27,gear-upgraders,180,11,3
2026-03-22,sale-countdown | static | house | promo | tent-2p | polished | 2026-03-09,120000000004,active,99.73,7746,6128,1.26,12.87,146,190,1.88,2.45,,,,,,,,,17,3,389.92,past-visitors,119,8,1
2026-03-22,gift-guide | carousel | house | promo | headlamp | polished | 2026-03-09,120000000005,active,58.74,4640,3487,1.33,12.66,94,131,2.03,2.82,,,,,,,,,9,2,222.12,broad-prospecting,77,4,1
2026-03-22,founder-story | founder-video | founder | bau | trail-boot | lofi | 2026-03-01,120000000006,active,88.25,7880,6192,1.27,11.20,83,115,1.05,1.46,1539,553,1077,769,554,338,307,5.5,6,3,189.76,family-campers,66,3,2
2026-03-22,new-drop | carousel | house | launch | sleeping-bag | polished | 2026-03-06,120000000007,active,125.99,12701,9437,1.35,9.92,189,263,1.49,2.07,,,,,,,,,21,7,972.72,broad-prospecting,151,11,5
2026-03-22,partnership-haul | partnership | creator-03 | bau | day-pack | lofi | 2026-03-01,120000000008,active,96.03,9295,7595,1.22,10.33,76,100,0.82,1.08,2393,714,1675,1196,861,526,478,5.9,7,2,352.76,family-campers,63,3,1
2026-03-22,packing-list | carousel | house | bau | camp-stove | polished | 2026-03-01,120000000009,active,261.93,19099,13896,1.37,13.71,325,442,1.70,2.31,,,,,,,,,29,14,1782.40,family-campers,257,15,6
2026-03-22,weather-ready | ugc-video | creator-04 | bau | rain-shell | lofi | 2026-03-01,120000000010,active,197.32,13717,11065,1.24,14.39,256,372,1.87,2.71,3582,1030,2507,1791,1289,788,716,5.8,22,8,738.48,weekend-hikers,202,12,3
2026-03-22,behind-the-seams | founder-video | founder | bau | tent-2p | lofi | 2026-03-01,120000000011,active,257.38,14553,11694,1.24,17.69,288,411,1.98,2.82,3615,,2530,1807,1301,795,723,5.9,33,10,1559.25,family-campers,233,15,7
2026-03-22,sale-percent-off | static | house | promo | sleeping-bag | polished | 2026-03-09,120000000012,active,116.84,9752,7114,1.37,11.98,85,126,0.87,1.29,,,,,,,,,8,2,144.06,past-visitors,76,4,1
2026-03-22,new-drop-two | carousel | house | launch | water-bottle | polished | 2026-03-13,120000000013,active,158.89,12789,9086,1.41,12.42,250,333,1.95,2.60,,,,,,,,,24,10,687.75,broad-prospecting,196,12,7
2026-03-22,comparison | static | house | bau | headlamp | polished | 2026-03-01,120000000014,active,346.55,22723,16276,1.40,15.25,379,516,1.67,2.27,,,,,,,,,32,14,1490.93,gear-upgraders,325,14,6
2026-03-22,unboxing | ugc-video | creator-05 | launch | camp-stove | lofi | 2026-03-13,120000000015,active,257.65,16444,12394,1.33,15.67,266,365,1.62,2.22,4516,1637,3161,2258,1625,993,903,6.4,29,1,142.15,broad-prospecting,216,15,1
2026-03-22,partnership-trail | partnership | creator-06 | promo | trail-boot | lofi | 2026-03-09,120000000016,active,103.62,5691,4610,1.23,18.21,93,130,1.63,2.28,1460,443,1021,730,525,321,292,4.5,8,2,186.13,broad-prospecting,77,4,1
2026-03-22,guarantee | static | house | bau | water-bottle | polished | 2026-03-01,120000000017,active,105.87,9215,6608,1.39,11.49,20,27,0.22,0.29,,,,,,,,,2,0,0.00,gear-upgraders,16,0,0
2026-03-22,before-after | ugc-video | creator-07 | bau | day-pack | lofi | 2026-03-01,120000000018,active,163.89,18115,14276,1.27,9.05,180,260,0.99,1.44,4696,1705,3287,2348,1690,1033,939,7.7,19,4,490.74,weekend-hikers,154,10,2
2026-03-22,sale-last-chance | ugc-video | creator-08 | promo | rain-shell | lofi | 2026-03-16,120000000019,active,134.31,14363,11671,1.23,9.35,185,249,1.29,1.73,4007,1087,2804,2003,1442,881,801,5.0,18,7,1072.29,past-visitors,161,9,1
2026-03-22,founder-note | founder-video | founder | launch | headlamp | lofi | 2026-03-16,120000000020,active,328.73,22245,17875,1.24,14.78,260,349,1.17,1.57,4669,1680,3268,2334,1680,1027,933,6.2,30,8,1009.49,broad-prospecting,227,17,4
2026-03-22,staff-picks | carousel | house | bau | trail-boot | polished | 2026-03-01,120000000021,active,228.86,18721,13532,1.38,12.22,289,412,1.54,2.20,,,,,,,,,29,10,1904.55,gear-upgraders,247,15,5
2026-03-22,trail-diary | partnership | creator-09 | bau | tent-2p | lofi | 2026-03-01,120000000022,active,118.09,11602,9231,1.26,10.18,193,268,1.66,2.31,2907,952,2034,1453,1046,639,581,8.0,18,4,474.58,family-campers,164,8,3
2026-03-22,problem-cold-feet | ugc-video | creator-10 | bau | sleeping-bag | lofi | 2026-03-01,120000000023,active,185.02,12423,9237,1.34,14.89,217,287,1.75,2.31,3148,1009,2203,1574,1133,692,629,4.8,23,5,441.07,weekend-hikers,188,13,3
2026-03-22,sale-bundle | carousel | house | promo | camp-stove | polished | 2026-03-09,120000000024,active,159.31,14899,10634,1.40,10.69,218,314,1.46,2.11,,,,,,,,,24,9,1117.34,past-visitors,192,13,3
2026-03-22,new-drop-three | static | house | launch | day-pack | polished | 2026-03-19,120000000025,active,169.79,15391,12014,1.28,11.03,200,268,1.30,1.74,,,,,,,,,16,5,743.45,broad-prospecting,172,9,2
2026-03-22,social-proof-reviews | static | house | bau | rain-shell | polished | 2026-03-01,120000000026,active,131.23,11650,8290,1.41,11.26,199,257,1.71,2.21,,,,,,,,,16,7,975.65,gear-upgraders,162,9,5
2026-03-22,partnership-camp | partnership | creator-11 | launch | water-bottle | lofi | 2026-03-19,120000000027,active,74.66,6292,5375,1.17,11.87,129,189,2.05,3.00,1685,567,1179,842,606,370,337,6.3,14,5,440.30,broad-prospecting,112,8,3
2026-03-22,fix-it-yourself | ugc-video | creator-12 | bau | camp-stove | lofi | 2026-03-01,120000000028,active,75.06,6469,5297,1.22,11.60,96,129,1.48,1.99,1563,485,1094,781,562,343,312,6.4,9,2,317.78,family-campers,84,4,1
2026-03-22,gift-guide-two | carousel | house | promo | day-pack | polished | 2026-03-11,120000000029,active,124.40,12778,10051,1.27,9.74,229,331,1.79,2.59,,,,,,,,,18,5,591.69,broad-prospecting,189,10,1
2026-03-23,durability-test | ugc-video | creator-01 | bau | trail-boot | lofi | 2026-03-01,120000000001,active,320.54,23446,8236,2.85,13.67,257,378,1.10,1.61,4830,1371,3381,2415,1738,1062,966,6.8,20,8,765.41,weekend-hikers,202,9,5
2026-03-23,problem-first | ugc-video | creator-02 | bau | rain-shell | lofi | 2026-03-01,120000000002,active,86.21,8170,5946,1.37,10.55,145,194,1.77,2.37,2035,685,1424,1017,732,447,407,4.8,13,4,285.88,weekend-hikers,60,4,3
2026-03-23,social-proof | static | house | bau | day-pack | polished | 2026-03-01,120000000003,active,140.41,16113,12157,1.33,8.71,191,267,1.19,1.66,,,,,,,,,22,9,1266.93,gear-upgraders,166,9,6
2026-03-23,sale-countdown | static | house | promo | tent-2p | polished | 2026-03-09,120000000004,active,133.34,8790,6957,1.26,15.17,147,191,1.67,2.17,,,,,,,,,16,4,584.86,past-visitors,127,9,1
2026-03-23,gift-guide | carousel | house | promo | headlamp | polished | 2026-03-09,120000000005,active,51.57,3878,2879,1.35,13.30,73,100,1.88,2.58,,,,,,,,,8,2,250.79,broad-prospecting,62,4,1
2026-03-23,founder-story | founder-video | founder | bau | trail-boot | lofi | 2026-03-01,120000000006,active,106.00,9109,7241,1.26,11.64,97,136,1.06,1.49,1699,579,1189,849,611,373,339,7.5,10,5,382.39,family-campers,79,5,3
2026-03-23,new-drop | carousel | house | launch | sleeping-bag | polished | 2026-03-06,120000000007,active,84.33,10063,7239,1.39,8.38,134,194,1.33,1.93,,,,,,,,,14,5,610.70,broad-prospecting,110,8,3
2026-03-23,partnership-haul | partnership | creator-03 | bau | day-pack | lofi | 2026-03-01,120000000008,active,84.17,7453,5940,1.25,11.29,79,107,1.06,1.44,1864,524,1304,932,671,410,372,6.5,8,3,513.15,family-campers,69,4,2
2026-03-23,packing-list | carousel | house | bau | camp-stove | polished | 2026-03-01,120000000009,active,287.92,20804,15143,1.37,13.84,370,545,1.78,2.62,,,,,,,,,32,15,1613.24,family-campers,330,18,6
2026-03-23,weather-ready | ugc-video | creator-04 | bau | rain-shell | lofi | 2026-03-01,120000000010,active,162.67,11006,8817,1.25,14.78,189,272,1.72,2.47,2303,685,1612,1151,829,506,460,4.2,19,4,418.43,weekend-hikers,169,10,2
2026-03-23,behind-the-seams | founder-video | founder | bau | tent-2p | lofi | 2026-03-01,120000000011,active,246.49,15134,12221,1.24,16.29,256,336,1.69,2.22,3337,,2335,1668,1201,734,667,6.7,29,12,1986.50,family-campers,211,14,7
2026-03-23,sale-percent-off | static | house | promo | sleeping-bag | polished | 2026-03-09,120000000012,active,120.43,10409,7790,1.34,11.57,91,124,0.87,1.19,,,,,,,,,9,1,81.13,past-visitors,76,4,0
2026-03-23,new-drop-two | carousel | house | launch | water-bottle | polished | 2026-03-13,120000000013,active,236.35,17552,12532,1.40,13.47,289,390,1.65,2.22,,,,,,,,,23,8,706.32,broad-prospecting,239,11,4
2026-03-23,comparison | static | house | bau | headlamp | polished | 2026-03-01,120000000014,active,283.85,18865,13412,1.41,15.05,305,438,1.62,2.32,,,,,,,,,35,9,1088.10,gear-upgraders,271,18,5
2026-03-23,unboxing | ugc-video | creator-05 | launch | camp-stove | lofi | 2026-03-13,120000000015,active,286.14,18067,13566,1.33,15.84,249,333,1.38,1.84,4909,1789,3436,2454,1767,1079,981,8.7,22,5,683.42,broad-prospecting,196,13,2
2026-03-23,partnership-trail | partnership | creator-06 | promo | trail-boot | lofi | 2026-03-09,120000000016,active,93.08,5139,4101,1.25,18.11,97,135,1.89,2.63,1417,399,991,708,510,311,283,4.0,8,4,280.76,broad-prospecting,87,4,1
2026-03-23,guarantee | static | house | bau | water-bottle | polished | 2026-03-01,120000000017,active,114.92,8739,6302,1.39,13.15,23,31,0.26,0.35,,,,,,,,,2,0,0.00,gear-upgraders,20,1,0
2026-03-23,before-after | ugc-video | creator-07 | bau | day-pack | lofi | 2026-03-01,120000000018,active,121.71,12253,9641,1.27,9.93,130,183,1.06,1.49,3266,1087,2286,1633,1175,718,653,8.6,15,3,381.15,weekend-hikers,113,7,1
2026-03-23,sale-last-chance | ugc-video | creator-08 | promo | rain-shell | lofi | 2026-03-16,120000000019,active,153.85,15750,12463,1.26,9.77,196,284,1.24,1.80,4239,1190,2967,2119,1526,932,847,4.6,21,3,382.32,past-visitors,157,9,1
2026-03-23,founder-note | founder-video | founder | launch | headlamp | lofi | 2026-03-16,120000000020,active,353.12,24603,19851,1.24,14.35,240,315,0.98,1.28,6609,2359,4626,3304,2379,1453,1321,4.8,21,4,637.53,broad-prospecting,198,9,3
2026-03-23,staff-picks | carousel | house | bau | trail-boot | polished | 2026-03-01,120000000021,active,253.29,21995,15716,1.40,11.52,351,544,1.60,2.47,,,,,,,,,35,11,1863.66,gear-upgraders,296,15,5
2026-03-23,trail-diary | partnership | creator-09 | bau | tent-2p | lofi | 2026-03-01,120000000022,active,108.48,11537,9400,1.23,9.40,184,256,1.59,2.22,3099,932,2169,1549,1115,681,619,7.4,15,5,557.15,family-campers,154,8,3
2026-03-23,problem-cold-feet | ugc-video | creator-10 | bau | sleeping-bag | lofi | 2026-03-01,120000000023,active,186.52,11724,8868,1.32,15.91,214,297,1.83,2.53,2953,902,2067,1476,1063,649,590,8.1,22,5,444.40,weekend-hikers,180,10,3
2026-03-23,sale-bundle | carousel | house | promo | camp-stove | polished | 2026-03-09,120000000024,active,152.42,14162,10431,1.36,10.76,174,257,1.23,1.81,,,,,,,,,15,8,1182.42,past-visitors,153,8,2
2026-03-23,new-drop-three | static | house | launch | day-pack | polished | 2026-03-19,120000000025,active,167.49,14904,11843,1.26,11.24,188,255,1.26,1.71,,,,,,,,,16,9,1282.14,broad-prospecting,167,9,4
2026-03-23,social-proof-reviews | static | house | bau | rain-shell | polished | 2026-03-01,120000000026,active,108.65,10401,7496,1.39,10.45,221,301,2.12,2.89,,,,,,,,,20,7,1054.45,gear-upgraders,188,11,5
2026-03-23,partnership-camp | partnership | creator-11 | launch | water-bottle | lofi | 2026-03-19,120000000027,active,91.83,7175,6077,1.18,12.80,139,190,1.94,2.65,1961,686,1372,980,705,431,392,4.7,11,2,130.08,broad-prospecting,112,5,1
2026-03-23,fix-it-yourself | ugc-video | creator-12 | bau | camp-stove | lofi | 2026-03-01,120000000028,active,84.54,7132,5707,1.25,11.85,97,136,1.36,1.91,1906,592,1334,953,686,419,381,6.4,8,2,217.03,family-campers,87,4,1
2026-03-23,gift-guide-two | carousel | house | promo | day-pack | polished | 2026-03-11,120000000029,active,141.13,13877,10619,1.31,10.17,242,345,1.74,2.49,,,,,,,,,27,7,848.22,broad-prospecting,214,14,2
2026-03-24,durability-test | ugc-video | creator-01 | bau | trail-boot | lofi | 2026-03-01,120000000001,active,279.87,20357,7003,2.91,13.75,231,332,1.13,1.63,4604,1195,3222,2302,1657,1012,920,6.8,23,7,789.99,weekend-hikers,200,11,4
2026-03-24,problem-first | ugc-video | creator-02 | bau | rain-shell | lofi | 2026-03-01,120000000002,active,104.14,9245,6801,1.36,11.26,156,227,1.69,2.46,2501,886,1750,1250,900,550,500,4.5,18,7,544.77,weekend-hikers,72,7,4
2026-03-24,social-proof | static | house | bau | day-pack | polished | 2026-03-01,120000000003,active,144.21,15163,11279,1.34,9.51,189,255,1.25,1.68,,,,,,,,,17,5,574.82,gear-upgraders,147,9,4
2026-03-24,sale-countdown | static | house | promo | tent-2p | polished | 2026-03-09,120000000004,active,149.25,11028,8724,1.26,13.53,200,275,1.81,2.49,,,,,,,,,23,4,517.88,past-visitors,166,11,1
2026-03-24,gift-guide | carousel | house | promo | headlamp | polished | 2026-03-09,120000000005,active,50.05,4329,3278,1.32,11.56,88,122,2.03,2.82,,,,,,,,,8,2,231.16,broad-prospecting,70,4,1
2026-03-24,founder-story | founder-video | founder | bau | trail-boot | lofi | 2026-03-01,120000000006,active,81.56,7994,6162,1.30,10.20,90,126,1.13,1.58,1751,647,1225,875,630,385,350,8.6,9,4,350.80,family-campers,75,5,2
2026-03-24,new-drop | carousel | house | launch | sleeping-bag | polished | 2026-03-06,120000000007,active,95.78,10590,7733,1.37,9.04,143,210,1.35,1.98,,,,,,,,,12,5,717.90,broad-prospecting,117,5,2
2026-03-24,partnership-haul | partnership | creator-03 | bau | day-pack | lofi | 2026-03-01,120000000008,active,109.50,9527,7572,1.26,11.49,113,154,1.19,1.62,2200,770,1540,1100,792,484,440,8.2,11,7,1277.21,family-campers,98,7,3
2026-03-24,packing-list | carousel | house | bau | camp-stove | polished | 2026-03-01,120000000009,active,239.72,18375,13646,1.35,13.05,287,386,1.56,2.10,,,,,,,,,26,13,1799.35,family-campers,224,14,8
2026-03-24,weather-ready | ugc-video | creator-04 | bau | rain-shell | lofi | 2026-03-01,120000000010,active,171.39,11740,9522,1.23,14.60,199,295,1.70,2.51,3494,945,2445,1747,1257,768,698,4.2,18,4,384.47,weekend-hikers,157,8,3
2026-03-24,behind-the-seams | founder-video | founder | bau | tent-2p | lofi | 2026-03-01,120000000011,active,273.42,17146,13752,1.25,15.95,265,363,1.55,2.12,3515,,2460,1757,1265,773,703,5.2,26,5,528.61,family-campers,218,15,3
2026-03-24,sale-percent-off | static | house | promo | sleeping-bag | polished | 2026-03-09,120000000012,active,124.09,10423,7718,1.35,11.91,83,121,0.80,1.16,,,,,,,,,6,3,217.64,past-visitors,67,3,1
2026-03-24,new-drop-two | carousel | house | launch | water-bottle | polished | 2026-03-13,120000000013,active,218.14,17774,12872,1.38,12.27,262,343,1.47,1.93,,,,,,,,,27,10,660.31,broad-prospecting,206,14,7
2026-03-24,comparison | static | house | bau | headlamp | polished | 2026-03-01,120000000014,active,363.28,20605,14563,1.41,17.63,400,567,1.94,2.75,,,,,,,,,41,9,1359.03,gear-upgraders,330,22,5
2026-03-24,unboxing | ugc-video | creator-05 | launch | camp-stove | lofi | 2026-03-13,120000000015,active,228.84,14252,10593,1.35,16.06,190,267,1.33,1.87,3652,1512,2556,1826,1314,803,730,5.9,21,4,541.16,broad-prospecting,153,12,3
2026-03-24,partnership-trail | partnership | creator-06 | promo | trail-boot | lofi | 2026-03-09,120000000016,active,102.52,6210,5121,1.21,16.51,92,123,1.48,1.98,1999,645,1399,999,719,439,399,5.9,9,3,269.35,broad-prospecting,79,4,1
2026-03-24,guarantee | static | house | bau | water-bottle | polished | 2026-03-01,120000000017,active,131.82,10330,7615,1.36,12.76,25,35,0.24,0.34,,,,,,,,,2,0,0.00,gear-upgraders,21,1,0
2026-03-24,before-after | ugc-video | creator-07 | bau | day-pack | lofi | 2026-03-01,120000000018,active,130.67,14375,11085,1.30,9.09,134,201,0.93,1.40,4185,1335,2929,2092,1506,920,837,8.8,11,4,518.79,weekend-hikers,112,5,2
2026-03-24,sale-last-chance | ugc-video | creator-08 | promo | rain-shell | lofi | 2026-03-16,120000000019,active,132.63,14012,11446,1.22,9.47,156,221,1.11,1.58,3904,1079,2732,1952,1405,858,780,8.9,13,4,556.74,past-visitors,138,7,1
2026-03-24,founder-note | founder-video | founder | launch | headlamp | lofi | 2026-03-16,120000000020,active,271.59,18351,14353,1.28,14.80,197,274,1.07,1.49,4131,1609,2891,2065,1487,908,826,7.8,19,5,761.33,broad-prospecting,154,10,2
2026-03-24,staff-picks | carousel | house | bau | trail-boot | polished | 2026-03-01,120000000021,active,224.93,20177,14564,1.39,11.15,270,394,1.34,1.95,,,,,,,,,23,8,1308.95,gear-upgraders,229,11,3
2026-03-24,trail-diary | partnership | creator-09 | bau | tent-2p | lofi | 2026-03-01,120000000022,active,91.83,8965,7087,1.26,10.24,171,242,1.91,2.70,2310,781,1617,1155,831,508,462,8.3,14,3,398.63,family-campers,142,8,2
2026-03-24,problem-cold-feet | ugc-video | creator-10 | bau | sleeping-bag | lofi | 2026-03-01,120000000023,active,172.98,10364,7806,1.33,16.69,173,232,1.67,2.24,2775,856,1942,1387,999,610,555,8.7,16,3,234.23,weekend-hikers,154,9,2
2026-03-24,sale-bundle | carousel | house | promo | camp-stove | polished | 2026-03-09,120000000024,active,152.69,15131,10742,1.41,10.09,227,327,1.50,2.16,,,,,,,,,24,10,1445.21,past-visitors,183,11,2
2026-03-24,new-drop-three | static | house | launch | day-pack | polished | 2026-03-19,120000000025,active,140.12,12190,9612,1.27,11.49,156,213,1.28,1.75,,,,,,,,,15,8,1187.98,broad-prospecting,139,8,4
2026-03-24,social-proof-reviews | static | house | bau | rain-shell | polished | 2026-03-01,120000000026,active,104.38,9966,7040,1.42,10.47,196,277,1.97,2.78,,,,,,,,,20,5,717.37,gear-upgraders,165,9,3
2026-03-24,partnership-camp | partnership | creator-11 | launch | water-bottle | lofi | 2026-03-19,120000000027,active,80.53,6983,5994,1.16,11.53,126,173,1.80,2.48,1897,697,1327,948,682,417,379,6.9,12,7,465.45,broad-prospecting,106,7,3
2026-03-24,fix-it-yourself | ugc-video | creator-12 | bau | camp-stove | lofi | 2026-03-01,120000000028,active,88.46,7000,5661,1.24,12.64,116,162,1.66,2.31,1711,572,1197,855,615,376,342,8.2,9,2,291.68,family-campers,92,4,1
2026-03-24,gift-guide-two | carousel | house | promo | day-pack | polished | 2026-03-11,120000000029,active,126.80,12567,9808,1.28,10.09,164,233,1.31,1.85,,,,,,,,,19,5,483.54,broad-prospecting,137,10,1
2026-03-25,durability-test | ugc-video | creator-01 | bau | trail-boot | lofi | 2026-03-01,120000000001,active,362.85,26657,8870,3.01,13.61,264,376,0.99,1.41,5477,1508,3833,2738,1971,1204,1095,8.7,26,7,631.60,weekend-hikers,220,12,3
2026-03-25,problem-first | ugc-video | creator-02 | bau | rain-shell | lofi | 2026-03-01,120000000002,active,96.71,9300,6767,1.37,10.40,168,254,1.81,2.73,2300,821,1610,1150,828,506,460,5.9,19,6,410.32,weekend-hikers,75,6,4
2026-03-25,social-proof | static | house | bau | day-pack | polished | 2026-03-01,120000000003,active,149.43,16398,12392,1.32,9.11,191,250,1.16,1.52,,,,,,,,,17,8,1233.66,gear-upgraders,156,8,3
2026-03-25,sale-countdown | static | house | promo | tent-2p | polished | 2026-03-09,120000000004,active,123.61,9385,7554,1.24,13.17,185,252,1.97,2.69,,,,,,,,,17,3,418.63,past-visitors,158,8,1
2026-03-25,gift-guide | carousel | house | promo | headlamp | polished | 2026-03-09,120000000005,active,53.05,3673,2736,1.34,14.44,66,98,1.80,2.67,,,,,,,,,6,2,294.74,broad-prospecting,54,3,1
2026-03-25,founder-story | founder-video | founder | bau | trail-boot | lofi | 2026-03-01,120000000006,active,79.06,7027,5385,1.30,11.25,86,119,1.22,1.69,1361,520,952,680,489,299,272,7.2,7,3,281.69,family-campers,70,3,2
2026-03-25,new-drop | carousel | house | launch | sleeping-bag | polished | 2026-03-06,120000000007,active,124.83,12815,9384,1.37,9.74,161,231,1.26,1.80,,,,,,,,,17,5,674.62,broad-prospecting,135,9,3
2026-03-25,partnership-haul | partnership | creator-03 | bau | day-pack | lofi | 2026-03-01,120000000008,active,110.17,9480,7331,1.29,11.62,105,138,1.11,1.46,2518,759,1762,1259,906,553,503,6.7,8,3,452.71,family-campers,82,4,1
2026-03-25,packing-list | carousel | house | bau | camp-stove | polished | 2026-03-01,120000000009,active,296.01,22351,16305,1.37,13.24,345,464,1.54,2.08,,,,,,,,,36,9,1090.77,family-campers,283,16,6
2026-03-25,weather-ready | ugc-video | creator-04 | bau | rain-shell | lofi | 2026-03-01,120000000010,active,172.72,12693,10060,1.26,13.61,224,308,1.76,2.43,3311,832,2317,1655,1191,728,662,8.7,23,5,550.14,weekend-hikers,187,11,2
2026-03-25,behind-the-seams | founder-video | founder | bau | tent-2p | lofi | 2026-03-01,120000000011,active,223.71,14779,11640,1.27,15.14,223,297,1.51,2.01,3266,,2286,1633,1175,718,653,6.7,22,5,691.39,family-campers,176,11,3
2026-03-25,sale-percent-off | static | house | promo | sleeping-bag | polished | 2026-03-09,120000000012,active,149.93,11288,8279,1.36,13.28,86,121,0.76,1.07,,,,,,,,,8,2,126.37,past-visitors,71,4,1
2026-03-25,new-drop-two | carousel | house | launch | water-bottle | polished | 2026-03-13,120000000013,active,228.17,17182,12532,1.37,13.28,279,369,1.62,2.15,,,,,,,,,29,8,514.60,broad-prospecting,232,17,5
2026-03-25,comparison | static | house | bau | headlamp | polished | 2026-03-01,120000000014,active,345.97,20908,14966,1.40,16.55,289,398,1.38,1.90,,,,,,,,,30,6,822.73,gear-upgraders,233,14,4
2026-03-25,unboxing | ugc-video | creator-05 | launch | camp-stove | lofi | 2026-03-13,120000000015,active,275.12,19144,14828,1.29,14.37,287,390,1.50,2.04,4640,1916,3248,2320,1670,1020,928,8.4,33,5,660.30,broad-prospecting,244,19,3
2026-03-25,partnership-trail | partnership | creator-06 | promo | trail-boot | lofi | 2026-03-09,120000000016,active,89.52,5415,4351,1.24,16.53,88,122,1.63,2.25,1432,452,1002,716,515,315,286,4.7,10,5,518.41,broad-prospecting,71,5,2
2026-03-25,guarantee | static | house | bau | water-bottle | polished | 2026-03-01,120000000017,active,124.19,9780,7034,1.39,12.70,24,36,0.25,0.37,,,,,,,,,2,0,0.00,gear-upgraders,18,1,0
2026-03-25,before-after | ugc-video | creator-07 | bau | day-pack | lofi | 2026-03-01,120000000018,active,158.98,16157,12444,1.30,9.84,191,282,1.18,1.75,4250,1540,2975,2125,1530,935,850,6.1,21,3,409.76,weekend-hikers,166,10,1
2026-03-25,sale-last-chance | ugc-video | creator-08 | promo | rain-shell | lofi | 2026-03-16,120000000019,active,141.63,13614,10866,1.25,10.40,149,226,1.09,1.66,3646,1050,2552,1823,1312,802,729,5.8,17,5,728.92,past-visitors,131,8,2
2026-03-25,founder-note | founder-video | founder | launch | headlamp | lofi | 2026-03-16,120000000020,active,384.63,23465,18377,1.28,16.39,204,296,0.87,1.26,5890,2146,4123,2945,2120,1295,1178,6.7,24,8,1361.67,broad-prospecting,165,12,4
2026-03-25,staff-picks | carousel | house | bau | trail-boot | polished | 2026-03-01,120000000021,active,243.23,18662,13487,1.38,13.03,295,419,1.58,2.25,,,,,,,,,26,12,1575.05,gear-upgraders,241,14,6
2026-03-25,trail-diary | partnership | creator-09 | bau | tent-2p | lofi | 2026-03-01,120000000022,active,114.64,11229,9031,1.24,10.21,190,268,1.69,2.39,2500,815,1750,1250,900,550,500,4.1,18,4,479.31,family-campers,168,8,2
2026-03-25,problem-cold-feet | ugc-video | creator-10 | bau | sleeping-bag | lofi | 2026-03-01,120000000023,active,160.09,10374,7717,1.34,15.43,180,233,1.74,2.25,2939,1064,2057,1469,1058,646,587,8.5,15,3,272.03,weekend-hikers,150,7,2
2026-03-25,sale-bundle | carousel | house | promo | camp-stove | polished | 2026-03-09,120000000024,active,153.40,16041,11461,1.40,9.56,234,343,1.46,2.14,,,,,,,,,21,9,1507.35,past-visitors,204,12,2
2026-03-25,new-drop-three | static | house | launch | day-pack | polished | 2026-03-19,120000000025,active,161.53,14154,11304,1.25,11.41,171,236,1.21,1.67,,,,,,,,,19,7,1281.52,broad-prospecting,147,10,3
2026-03-25,social-proof-reviews | static | house | bau | rain-shell | polished | 2026-03-01,120000000026,active,109.51,10111,7302,1.38,10.83,170,230,1.68,2.27,,,,,,,,,20,7,1225.38,gear-upgraders,134,11,4
2026-03-25,partnership-camp | partnership | creator-11 | launch | water-bottle | lofi | 2026-03-19,120000000027,active,92.04,7024,5899,1.19,13.10,120,169,1.71,2.41,1891,749,1323,945,680,416,378,8.1,10,4,364.78,broad-prospecting,105,5,2
2026-03-25,fix-it-yourself | ugc-video | creator-12 | bau | camp-stove | lofi | 2026-03-01,120000000028,active,89.36,7834,6266,1.25,11.41,121,172,1.54,2.20,2098,735,1468,1049,755,461,419,7.7,14,1,117.96,family-campers,100,6,1
2026-03-25,gift-guide-two | carousel | house | promo | day-pack | polished | 2026-03-11,120000000029,active,150.42,14638,11227,1.30,10.28,286,377,1.95,2.58,,,,,,,,,30,6,698.35,broad-prospecting,238,15,1
2026-03-26,durability-test | ugc-video | creator-01 | bau | trail-boot | lofi | 2026-03-01,120000000001,active,375.30,28909,9405,3.07,12.98,301,456,1.04,1.58,6550,1912,4585,3275,2358,1441,1310,4.4,35,10,972.49,weekend-hikers,242,20,5
2026-03-26,problem-first | ugc-video | creator-02 | bau | rain-shell | lofi | 2026-03-01,120000000002,active,97.60,9429,6842,1.38,10.35,180,262,1.91,2.78,2513,905,1759,1256,904,552,502,5.2,18,4,257.89,weekend-hikers,74,4,2
2026-03-26,social-proof | static | house | bau | day-pack | polished | 2026-03-01,120000000003,active,142.76,15577,11556,1.35,9.17,168,228,1.08,1.46,,,,,,,,,17,7,930.93,gear-upgraders,139,9,3
2026-03-26,sale-countdown | static | house | promo | tent-2p | polished | 2026-03-09,120000000004,active,131.65,9325,7548,1.24,14.12,171,225,1.83,2.41,,,,,,,,,16,6,914.34,past-visitors,148,8,2
2026-03-26,gift-guide | carousel | house | promo | headlamp | polished | 2026-03-09,120000000005,active,66.95,4777,3548,1.35,14.01,101,143,2.11,2.99,,,,,,,,,10,2,208.49,broad-prospecting,78,5,1
2026-03-26,founder-story | founder-video | founder | bau | trail-boot | lofi | 2026-03-01,120000000006,active,102.17,9494,7162,1.33,10.76,119,172,1.25,1.81,1871,678,1309,935,673,411,374,5.9,13,2,147.27,family-campers,104,7,1
2026-03-26,new-drop | carousel | house | launch | sleeping-bag | polished | 2026-03-06,120000000007,active,141.67,13410,9476,1.42,10.56,193,266,1.44,1.98,,,,,,,,,16,5,666.14,broad-prospecting,153,8,4
2026-03-26,partnership-haul | partnership | creator-03 | bau | day-pack | lofi | 2026-03-01,120000000008,active,86.09,7834,6028,1.30,10.99,82,105,1.05,1.34,2071,638,1449,1035,745,455,414,6.6,7,3,449.48,family-campers,70,4,1
2026-03-26,packing-list | carousel | house | bau | camp-stove | polished | 2026-03-01,120000000009,active,234.28,16679,11988,1.39,14.05,273,386,1.64,2.31,,,,,,,,,30,11,1384.49,family-campers,242,14,8
2026-03-26,weather-ready | ugc-video | creator-04 | bau | rain-shell | lofi | 2026-03-01,120000000010,active,187.37,11467,9008,1.27,16.34,196,271,1.71,2.36,2841,818,1988,1420,1022,625,568,5.7,20,4,460.00,weekend-hikers,165,9,2
2026-03-26,behind-the-seams | founder-video | founder | bau | tent-2p | lofi | 2026-03-01,120000000011,active,264.11,17108,13694,1.25,15.44,251,354,1.47,2.07,3889,,2722,1944,1400,855,777,5.1,27,7,948.45,family-campers,214,13,3
2026-03-26,sale-percent-off | static | house | promo | sleeping-bag | polished | 2026-03-09,120000000012,active,140.64,10683,7917,1.35,13.16,111,168,1.04,1.57,,,,,,,,,9,4,310.35,past-visitors,99,4,1
2026-03-26,new-drop-two | carousel | house | launch | water-bottle | polished | 2026-03-13,120000000013,active,211.81,17956,12901,1.39,11.80,287,379,1.60,2.11,,,,,,,,,33,8,689.70,broad-prospecting,245,17,3
2026-03-26,comparison | static | house | bau | headlamp | polished | 2026-03-01,120000000014,active,339.82,19606,14087,1.39,17.33,367,508,1.87,2.59,,,,,,,,,39,14,1519.14,gear-upgraders,317,20,8
2026-03-26,unboxing | ugc-video | creator-05 | launch | camp-stove | lofi | 2026-03-13,120000000015,active,249.69,16468,12442,1.32,15.16,257,371,1.56,2.25,4262,1684,2983,2131,1534,937,852,6.3,24,7,1024.70,broad-prospecting,222,12,5
2026-03-26,partnership-trail | partnership | creator-06 | promo | trail-boot | lofi | 2026-03-09,120000000016,active,103.08,5861,4664,1.26,17.59,89,123,1.52,2.10,1531,481,1071,765,551,336,306,5.1,8,3,230.02,broad-prospecting,79,3,1
2026-03-26,guarantee | static | house | bau | water-bottle | polished | 2026-03-01,120000000017,active,121.16,9601,6815,1.41,12.62,22,32,0.23,0.33,,,,,,,,,2,0,0.00,gear-upgraders,19,1,0
2026-03-26,before-after | ugc-video | creator-07 | bau | day-pack | lofi | 2026-03-01,120000000018,active,136.37,13436,10315,1.30,10.15,160,229,1.19,1.70,3535,1310,2474,1767,1272,777,707,4.9,17,3,347.52,weekend-hikers,138,9,2
2026-03-26,sale-last-chance | ugc-video | creator-08 | promo | rain-shell | lofi | 2026-03-16,120000000019,active,173.09,16670,13074,1.28,10.38,176,245,1.06,1.47,3879,1124,2715,1939,1396,853,775,7.0,17,6,799.00,past-visitors,138,8,1
2026-03-26,founder-note | founder-video | founder | launch | headlamp | lofi | 2026-03-16,120000000020,active,339.29,22400,17717,1.26,15.15,248,347,1.11,1.55,5196,1816,3637,2598,1870,1143,1039,8.7,26,3,403.70,broad-prospecting,199,14,2
2026-03-26,staff-picks | carousel | house | bau | trail-boot | polished | 2026-03-01,120000000021,active,216.69,18788,13326,1.41,11.53,298,437,1.59,2.33,,,,,,,,,28,18,3026.15,gear-upgraders,248,18,10
2026-03-26,trail-diary | partnership | creator-09 | bau | tent-2p | lofi | 2026-03-01,120000000022,active,109.50,10856,8482,1.28,10.09,198,271,1.82,2.50,2637,940,1845,1318,949,580,527,5.1,20,6,893.33,family-campers,171,11,4
2026-03-26,problem-cold-feet | ugc-video | creator-10 | bau | sleeping-bag | lofi | 2026-03-01,120000000023,active,204.93,12959,9898,1.31,15.81,196,277,1.51,2.14,3575,1154,2502,1787,1287,786,715,8.9,23,2,228.35,weekend-hikers,167,13,1
2026-03-26,sale-bundle | carousel | house | promo | camp-stove | polished | 2026-03-09,120000000024,active,142.13,15235,10831,1.41,9.33,224,322,1.47,2.11,,,,,,,,,21,8,1210.30,past-visitors,200,10,2
2026-03-26,new-drop-three | static | house | launch | day-pack | polished | 2026-03-19,120000000025,active,126.52,11358,8942,1.27,11.14,158,210,1.39,1.85,,,,,,,,,16,5,675.14,broad-prospecting,131,8,3
2026-03-26,social-proof-reviews | static | house | bau | rain-shell | polished | 2026-03-01,120000000026,active,106.65,9979,7056,1.41,10.69,167,217,1.67,2.17,,,,,,,,,16,5,825.12,gear-upgraders,136,7,3
2026-03-26,partnership-camp | partnership | creator-11 | launch | water-bottle | lofi | 2026-03-19,120000000027,active,77.28,6878,5827,1.18,11.24,146,204,2.12,2.97,1772,693,1240,886,637,389,354,7.2,13,5,388.75,broad-prospecting,123,6,3
2026-03-26,fix-it-yourself | ugc-video | creator-12 | bau | camp-stove | lofi | 2026-03-01,120000000028,active,87.56,7559,5846,1.29,11.58,88,132,1.16,1.75,2165,754,1515,1082,779,476,433,5.3,8,2,261.37,family-campers,73,4,1
2026-03-26,gift-guide-two | carousel | house | promo | day-pack | polished | 2026-03-11,120000000029,active,142.20,14010,10605,1.32,10.15,242,340,1.73,2.43,,,,,,,,,20,8,825.84,broad-prospecting,191,9,2
2026-03-27,durability-test | ugc-video | creator-01 | bau | trail-boot | lofi | 2026-03-01,120000000001,active,411.97,27841,8927,3.12,14.80,294,402,1.06,1.44,6380,1955,4466,3190,2296,1403,1276,8.8,25,8,681.40,weekend-hikers,231,14,5
2026-03-27,problem-first | ugc-video | creator-02 | bau | rain-shell | lofi | 2026-03-01,120000000002,active,66.09,6225,4492,1.39,10.62,126,174,2.02,2.80,1731,571,1211,865,623,380,346,6.9,10,6,486.09,weekend-hikers,56,6,4
2026-03-27,social-proof | static | house | bau | day-pack | polished | 2026-03-01,120000000003,active,126.19,13594,9989,1.36,9.28,149,212,1.10,1.56,,,,,,,,,13,5,610.75,gear-upgraders,117,6,3
2026-03-27,sale-countdown | static | house | promo | tent-2p | polished | 2026-03-09,120000000004,active,99.78,7839,6296,1.25,12.73,148,203,1.89,2.59,,,,,,,,,14,6,1035.02,past-visitors,122,7,2
2026-03-27,gift-guide | carousel | house | promo | headlamp | polished | 2026-03-09,120000000005,active,52.56,3809,2839,1.34,13.80,72,99,1.89,2.60,,,,,,,,,8,2,252.66,broad-prospecting,59,3,1
2026-03-27,founder-story | founder-video | founder | bau | trail-boot | lofi | 2026-03-01,120000000006,active,108.31,10866,8300,1.31,9.97,117,169,1.08,1.56,2176,793,1523,1088,783,478,435,4.0,9,4,313.72,family-campers,96,5,2
2026-03-27,new-drop | carousel | house | launch | sleeping-bag | polished | 2026-03-06,120000000007,active,124.29,13933,9817,1.42,8.92,161,234,1.16,1.68,,,,,,,,,18,3,402.08,broad-prospecting,129,9,2
2026-03-27,partnership-haul | partnership | creator-03 | bau | day-pack | lofi | 2026-03-01,120000000008,active,95.89,8368,6697,1.25,11.46,81,105,0.97,1.25,1879,614,1315,939,676,413,375,9.0,9,4,619.70,family-campers,65,4,2
2026-03-27,packing-list | carousel | house | bau | camp-stove | polished | 2026-03-01,120000000009,active,275.76,18955,13522,1.40,14.55,338,478,1.78,2.52,,,,,,,,,34,10,1248.22,family-campers,277,17,5
2026-03-27,weather-ready | ugc-video | creator-04 | bau | rain-shell | lofi | 2026-03-01,120000000010,active,210.75,13988,11141,1.26,15.07,230,335,1.64,2.39,3956,1133,2769,1978,1424,870,791,6.3,20,5,539.16,weekend-hikers,197,11,2
2026-03-27,behind-the-seams | founder-video | founder | bau | tent-2p | lofi | 2026-03-01,120000000011,active,260.32,16814,13468,1.25,15.48,228,311,1.36,1.85,3970,,2779,1985,1429,873,794,7.2,25,8,1345.74,family-campers,202,14,3
2026-03-27,sale-percent-off | static | house | promo | sleeping-bag | polished | 2026-03-09,120000000012,active,134.24,11319,8186,1.38,11.86,99,139,0.87,1.23,,,,,,,,,11,3,211.14,past-visitors,77,6,1
2026-03-27,new-drop-two | carousel | house | launch | water-bottle | polished | 2026-03-13,120000000013,active,231.56,17216,12470,1.38,13.45,265,346,1.54,2.01,,,,,,,,,24,11,945.76,broad-prospecting,216,12,6
2026-03-27,comparison | static | house | bau | headlamp | polished | 2026-03-01,120000000014,active,321.69,20759,14361,1.45,15.50,293,423,1.41,2.04,,,,,,,,,27,13,1958.66,gear-upgraders,233,13,9
2026-03-27,unboxing | ugc-video | creator-05 | launch | camp-stove | lofi | 2026-03-13,120000000015,active,223.13,15235,11423,1.33,14.65,227,309,1.49,2.03,3557,1438,2489,1778,1280,782,711,7.6,24,6,836.12,broad-prospecting,183,14,3
2026-03-27,partnership-trail | partnership | creator-06 | promo | trail-boot | lofi | 2026-03-09,120000000016,active,105.61,6002,4900,1.22,17.60,87,124,1.45,2.07,1594,423,1115,797,573,350,318,5.2,8,3,246.79,broad-prospecting,77,4,1
2026-03-27,guarantee | static | house | bau | water-bottle | polished | 2026-03-01,120000000017,active,120.43,9425,6869,1.37,12.78,24,34,0.25,0.36,,,,,,,,,2,0,0.00,gear-upgraders,20,1,0
2026-03-27,before-after | ugc-video | creator-07 | bau | day-pack | lofi | 2026-03-01,120000000018,active,149.80,15111,11518,1.31,9.91,142,198,0.94,1.31,3921,1509,2744,1960,1411,862,784,8.6,15,3,311.18,weekend-hikers,127,6,1
2026-03-27,sale-last-chance | ugc-video | creator-08 | promo | rain-shell | lofi | 2026-03-16,120000000019,active,123.25,11310,9011,1.26,10.90,137,182,1.21,1.61,2781,825,1946,1390,1001,611,556,4.0,14,5,830.76,past-visitors,114,8,1
2026-03-27,founder-note | founder-video | founder | launch | headlamp | lofi | 2026-03-16,120000000020,active,233.95,15966,12400,1.29,14.65,159,213,1.00,1.33,3810,1632,2667,1905,1371,838,762,4.3,16,4,789.17,broad-prospecting,126,8,3
2026-03-27,staff-picks | carousel | house | bau | trail-boot | polished | 2026-03-01,120000000021,active,197.08,18178,12940,1.40,10.84,297,422,1.63,2.32,,,,,,,,,27,14,2515.15,gear-upgraders,255,14,6
2026-03-27,trail-diary | partnership | creator-09 | bau | tent-2p | lofi | 2026-03-01,120000000022,active,95.71,10001,7922,1.26,9.57,173,247,1.73,2.47,2281,723,1596,1140,821,501,456,4.5,18,4,462.37,family-campers,154,9,2
2026-03-27,problem-cold-feet | ugc-video | creator-10 | bau | sleeping-bag | lofi | 2026-03-01,120000000023,active,205.86,13255,10072,1.32,15.53,255,340,1.92,2.57,3981,1209,2786,1990,1433,875,796,6.9,24,7,719.80,weekend-hikers,223,13,4
2026-03-27,sale-bundle | carousel | house | promo | camp-stove | polished | 2026-03-09,120000000024,active,156.56,15118,10706,1.41,10.36,217,336,1.44,2.22,,,,,,,,,22,7,981.64,past-visitors,193,12,2
2026-03-27,new-drop-three | static | house | launch | day-pack | polished | 2026-03-19,120000000025,active,150.45,13843,10625,1.30,10.87,207,278,1.50,2.01,,,,,,,,,21,8,1255.26,broad-prospecting,179,10,5
2026-03-27,social-proof-reviews | static | house | bau | rain-shell | polished | 2026-03-01,120000000026,active,136.25,11685,8252,1.42,11.66,189,257,1.62,2.20,,,,,,,,,16,3,463.78,gear-upgraders,150,9,1
2026-03-27,partnership-camp | partnership | creator-11 | launch | water-bottle | lofi | 2026-03-19,120000000027,active,87.95,7443,6234,1.19,11.82,121,172,1.63,2.31,1970,734,1379,985,709,433,394,6.9,11,3,199.69,broad-prospecting,101,5,2
2026-03-27,fix-it-yourself | ugc-video | creator-12 | bau | camp-stove | lofi | 2026-03-01,120000000028,active,79.35,6462,5082,1.27,12.28,124,168,1.92,2.60,1719,589,1203,859,618,378,343,8.7,14,2,327.52,family-campers,103,7,1
2026-03-27,gift-guide-two | carousel | house | promo | day-pack | polished | 2026-03-11,120000000029,active,164.34,16136,12236,1.32,10.18,330,467,2.05,2.89,,,,,,,,,37,8,679.85,broad-prospecting,292,21,2
2026-03-27,new-drop-four | ugc-video | creator-13 | launch | headlamp | lofi | 2026-03-27,120000000030,active,167.66,9496,7268,1.31,17.66,90,119,0.95,1.25,2563,771,1794,1281,922,563,512,6.0,10,2,388.90,broad-prospecting,80,5,1
2026-03-28,durability-test | ugc-video | creator-01 | bau | trail-boot | lofi | 2026-03-01,120000000001,active,382.02,26774,8393,3.19,14.27,182,267,0.68,1.00,5291,1470,3703,2645,1904,1164,1058,5.0,20,6,684.35,weekend-hikers,150,9,4
2026-03-28,problem-first | ugc-video | creator-02 | bau | rain-shell | lofi | 2026-03-01,120000000002,active,74.43,6810,4986,1.37,10.93,135,186,1.98,2.73,1871,682,1309,935,673,411,374,7.4,16,5,412.76,weekend-hikers,63,5,3
2026-03-28,social-proof | static | house | bau | day-pack | polished | 2026-03-01,120000000003,active,148.79,18764,13919,1.35,7.93,215,290,1.15,1.55,,,,,,,,,23,8,1036.88,gear-upgraders,171,13,4
2026-03-28,sale-countdown | static | house | promo | tent-2p | polished | 2026-03-09,120000000004,active,125.88,9389,7510,1.25,13.41,148,186,1.58,1.98,,,,,,,,,16,4,600.68,past-visitors,118,9,1
2026-03-28,gift-guide | carousel | house | promo | headlamp | polished | 2026-03-09,120000000005,active,60.96,4708,3513,1.34,12.95,73,105,1.55,2.23,,,,,,,,,6,1,129.21,broad-prospecting,62,3,0
2026-03-28,founder-story | founder-video | founder | bau | trail-boot | lofi | 2026-03-01,120000000006,active,116.55,10151,7698,1.32,11.48,142,211,1.40,2.08,2030,805,1421,1015,730,446,406,4.9,12,7,599.92,family-campers,112,7,3
2026-03-28,new-drop | carousel | house | launch | sleeping-bag | polished | 2026-03-06,120000000007,active,123.81,12846,9335,1.38,9.64,158,219,1.23,1.70,,,,,,,,,13,5,609.72,broad-prospecting,123,7,3
2026-03-28,partnership-haul | partnership | creator-03 | bau | day-pack | lofi | 2026-03-01,120000000008,active,77.91,7167,5651,1.27,10.87,82,111,1.14,1.55,1916,657,1341,958,689,421,383,7.4,9,4,557.63,family-campers,66,4,3
2026-03-28,packing-list | carousel | house | bau | camp-stove | polished | 2026-03-01,120000000009,active,248.65,17848,12944,1.38,13.93,274,396,1.54,2.22,,,,,,,,,29,7,773.48,family-campers,235,15,5
2026-03-28,weather-ready | ugc-video | creator-04 | bau | rain-shell | lofi | 2026-03-01,120000000010,active,165.89,11163,8811,1.27,14.86,196,284,1.76,2.54,2438,663,1706,1219,877,536,487,5.7,18,4,483.68,weekend-hikers,172,10,2
2026-03-28,behind-the-seams | founder-video | founder | bau | tent-2p | lofi | 2026-03-01,120000000011,active,224.44,13071,10105,1.29,17.17,177,249,1.35,1.90,2915,,2040,1457,1049,641,583,4.8,20,6,963.97,family-campers,146,9,4
2026-03-28,sale-percent-off | static | house | promo | sleeping-bag | polished | 2026-03-09,120000000012,active,118.87,10003,7448,1.34,11.88,95,133,0.95,1.33,,,,,,,,,8,2,142.60,past-visitors,74,3,0
2026-03-28,new-drop-two | carousel | house | launch | water-bottle | polished | 2026-03-13,120000000013,active,200.11,14374,10323,1.39,13.92,267,353,1.86,2.46,,,,,,,,,26,5,406.38,broad-prospecting,237,12,2
2026-03-28,comparison | static | house | bau | headlamp | polished | 2026-03-01,120000000014,active,276.14,17175,12053,1.42,16.08,294,407,1.71,2.37,,,,,,,,,27,13,1680.60,gear-upgraders,232,13,6
2026-03-28,unboxing | ugc-video | creator-05 | launch | camp-stove | lofi | 2026-03-13,120000000015,active,226.13,15485,11759,1.32,14.60,226,307,1.46,1.98,3948,1784,2763,1974,1421,868,789,5.1,26,4,520.04,broad-prospecting,191,15,3
2026-03-28,partnership-trail | partnership | creator-06 | promo | trail-boot | lofi | 2026-03-09,120000000016,active,93.95,5545,4549,1.22,16.94,75,105,1.35,1.89,1597,488,1117,798,574,351,319,6.2,6,3,277.44,broad-prospecting,64,3,1
2026-03-28,guarantee | static | house | bau | water-bottle | polished | 2026-03-01,120000000017,active,107.41,8868,6297,1.41,12.11,20,28,0.23,0.32,,,,,,,,,2,0,0.00,gear-upgraders,17,1,0
2026-03-28,before-after | ugc-video | creator-07 | bau | day-pack | lofi | 2026-03-01,120000000018,active,157.65,15896,12391,1.28,9.92,179,257,1.13,1.62,3845,1357,2691,1922,1384,845,769,9.0,20,3,358.42,weekend-hikers,142,10,2
2026-03-28,sale-last-chance | ugc-video | creator-08 | promo | rain-shell | lofi | 2026-03-16,120000000019,active,144.66,15129,11755,1.29,9.56,190,267,1.26,1.76,3959,1039,2771,1979,1425,870,791,8.8,18,5,678.15,past-visitors,154,8,2
2026-03-28,founder-note | founder-video | founder | launch | headlamp | lofi | 2026-03-16,120000000020,active,285.06,19147,15268,1.25,14.89,190,261,0.99,1.36,5303,1794,3712,2651,1909,1166,1060,7.4,21,5,637.57,broad-prospecting,163,11,2
2026-03-28,staff-picks | carousel | house | bau | trail-boot | polished | 2026-03-01,120000000021,active,232.66,18937,13322,1.42,12.29,298,447,1.57,2.36,,,,,,,,,32,15,2036.17,gear-upgraders,258,15,9
2026-03-28,trail-diary | partnership | creator-09 | bau | tent-2p | lofi | 2026-03-01,120000000022,active,108.50,11028,8599,1.28,9.84,198,286,1.80,2.59,2772,952,1940,1386,997,609,554,6.3,17,7,927.12,family-campers,170,9,4
2026-03-28,problem-cold-feet | ugc-video | creator-10 | bau | sleeping-bag | lofi | 2026-03-01,120000000023,active,180.68,11308,8542,1.32,15.98,173,236,1.53,2.09,3329,1103,2330,1664,1198,732,665,5.7,17,3,366.70,weekend-hikers,155,9,2
2026-03-28,sale-bundle | carousel | house | promo | camp-stove | polished | 2026-03-09,120000000024,active,161.09,16565,11608,1.43,9.72,203,289,1.23,1.74,,,,,,,,,18,8,1167.96,past-visitors,164,10,2
2026-03-28,new-drop-three | static | house | launch | day-pack | polished | 2026-03-19,120000000025,active,181.81,15811,12344,1.28,11.50,200,260,1.26,1.64,,,,,,,,,19,8,1305.04,broad-prospecting,179,9,5
2026-03-28,social-proof-reviews | static | house | bau | rain-shell | polished | 2026-03-01,120000000026,active,116.09,11129,7915,1.41,10.43,135,180,1.21,1.62,,,,,,,,,11,5,749.12,gear-upgraders,109,5,3
2026-03-28,partnership-camp | partnership | creator-11 | launch | water-bottle | lofi | 2026-03-19,120000000027,active,81.27,7118,5962,1.19,11.42,121,179,1.70,2.51,2030,783,1421,1015,730,446,406,5.7,14,5,430.51,broad-prospecting,96,8,2
2026-03-28,fix-it-yourself | ugc-video | creator-12 | bau | camp-stove | lofi | 2026-03-01,120000000028,active,78.75,6422,5108,1.26,12.26,102,149,1.59,2.32,1743,617,1220,871,627,383,348,5.7,10,3,462.89,family-campers,84,5,2
2026-03-28,gift-guide-two | carousel | house | promo | day-pack | polished | 2026-03-11,120000000029,active,153.90,15104,11790,1.28,10.19,303,396,2.01,2.62,,,,,,,,,30,7,925.79,broad-prospecting,237,15,2
2026-03-28,new-drop-four | ugc-video | creator-13 | launch | headlamp | lofi | 2026-03-27,120000000030,active,181.70,10635,8190,1.30,17.09,100,140,0.94,1.32,2800,889,1959,1400,1008,616,560,7.6,8,2,258.71,broad-prospecting,80,3,1
2026-03-29,durability-test | ugc-video | creator-01 | bau | trail-boot | lofi | 2026-03-01,120000000001,active,346.51,23900,7312,3.27,14.50,201,290,0.84,1.21,4798,1338,3358,2399,1727,1055,959,8.9,16,5,589.84,weekend-hikers,173,7,2
2026-03-29,problem-first | ugc-video | creator-02 | bau | rain-shell | lofi | 2026-03-01,120000000002,active,79.46,8390,5883,1.43,9.47,154,217,1.84,2.59,2247,877,1572,1123,808,494,449,7.2,15,7,574.52,weekend-hikers,70,7,5
2026-03-29,social-proof | static | house | bau | day-pack | polished | 2026-03-01,120000000003,active,112.66,11894,8611,1.38,9.47,118,162,0.99,1.36,,,,,,,,,11,5,651.38,gear-upgraders,105,5,3
2026-03-29,sale-countdown | static | house | promo | tent-2p | polished | 2026-03-09,120000000004,active,102.98,8238,6642,1.24,12.50,137,187,1.66,2.27,,,,,,,,,13,5,658.70,past-visitors,113,7,1
2026-03-29,gift-guide | carousel | house | promo | headlamp | polished | 2026-03-09,120000000005,active,52.70,4236,3083,1.37,12.44,73,103,1.72,2.43,,,,,,,,,6,2,212.69,broad-prospecting,58,3,1
2026-03-29,founder-story | founder-video | founder | bau | trail-boot | lofi | 2026-03-01,120000000006,active,82.71,8519,6632,1.28,9.71,112,155,1.31,1.82,1466,547,1026,733,527,322,293,5.3,9,3,217.41,family-campers,87,4,2
2026-03-29,new-drop | carousel | house | launch | sleeping-bag | polished | 2026-03-06,120000000007,active,131.52,13433,9621,1.40,9.79,178,251,1.33,1.87,,,,,,,,,15,4,526.78,broad-prospecting,149,7,3
2026-03-29,partnership-haul | partnership | creator-03 | bau | day-pack | lofi | 2026-03-01,120000000008,active,125.81,11446,8799,1.30,10.99,119,159,1.04,1.39,2828,929,1979,1414,1018,622,565,7.2,10,3,474.51,family-campers,104,5,2
2026-03-29,packing-list | carousel | house | bau | camp-stove | polished | 2026-03-01,120000000009,active,227.08,16675,12119,1.38,13.62,283,399,1.70,2.39,,,,,,,,,26,9,1030.69,family-campers,246,15,5
2026-03-29,weather-ready | ugc-video | creator-04 | bau | rain-shell | lofi | 2026-03-01,120000000010,active,176.39,11779,9065,1.30,14.97,215,319,1.83,2.71,2648,794,1853,1324,953,582,529,4.3,25,4,476.18,weekend-hikers,168,13,2
2026-03-29,behind-the-seams | founder-video | founder | bau | tent-2p | lofi | 2026-03-01,120000000011,active,264.87,16188,12817,1.26,16.36,260,344,1.61,2.13,4058,,2840,2029,1460,892,811,6.2,25,11,1832.50,family-campers,207,14,6
2026-03-29,sale-percent-off | static | house | promo | sleeping-bag | polished | 2026-03-09,120000000012,active,152.98,11640,8451,1.38,13.14,97,146,0.83,1.25,,,,,,,,,8,4,204.58,past-visitors,76,4,1
2026-03-29,new-drop-two | carousel | house | launch | water-bottle | polished | 2026-03-13,120000000013,active,197.98,17135,11918,1.44,11.55,282,388,1.65,2.26,,,,,,,,,32,10,768.25,broad-prospecting,242,17,4
2026-03-29,comparison | static | house | bau | headlamp | polished | 2026-03-01,120000000014,active,352.63,23090,16178,1.43,15.27,345,475,1.49,2.06,,,,,,,,,35,11,1664.72,gear-upgraders,298,19,5
2026-03-29,unboxing | ugc-video | creator-05 | launch | camp-stove | lofi | 2026-03-13,120000000015,active,259.02,18294,13754,1.33,14.16,252,329,1.38,1.80,4631,1751,3241,2315,1667,1018,926,4.2,20,8,1261.49,broad-prospecting,198,10,6
2026-03-29,partnership-trail | partnership | creator-06 | promo | trail-boot | lofi | 2026-03-09,120000000016,active,110.81,6475,5271,1.23,17.11,80,112,1.24,1.73,1823,495,1276,911,656,401,364,8.4,8,3,263.35,broad-prospecting,69,4,1
2026-03-29,guarantee | static | house | bau | water-bottle | polished | 2026-03-01,120000000017,active,104.37,8624,6277,1.37,12.10,21,29,0.24,0.34,,,,,,,,,2,0,0.00,gear-upgraders,17,1,0
2026-03-29,before-after | ugc-video | creator-07 | bau | day-pack | lofi | 2026-03-01,120000000018,active,139.15,14303,10969,1.30,9.73,159,231,1.11,1.62,3856,1380,2699,1928,1388,848,771,4.4,15,3,354.88,weekend-hikers,128,7,2
2026-03-29,sale-last-chance | ugc-video | creator-08 | promo | rain-shell | lofi | 2026-03-16,120000000019,active,166.01,16847,12957,1.30,9.85,173,249,1.03,1.48,4564,1137,3194,2282,1643,1004,912,9.0,15,8,1104.34,past-visitors,145,8,3
2026-03-29,founder-note | founder-video | founder | launch | headlamp | lofi | 2026-03-16,120000000020,active,324.26,21534,16561,1.30,15.06,172,244,0.80,1.13,4539,1784,3177,2269,1634,998,907,6.9,15,5,753.19,broad-prospecting,142,8,3
2026-03-29,staff-picks | carousel | house | bau | trail-boot | polished | 2026-03-01,120000000021,active,235.89,18903,13188,1.43,12.48,269,419,1.42,2.22,,,,,,,,,23,11,1883.43,gear-upgraders,239,11,4
2026-03-29,trail-diary | partnership | creator-09 | bau | tent-2p | lofi | 2026-03-01,120000000022,active,103.17,11238,8930,1.26,9.18,213,308,1.90,2.74,2729,804,1910,1364,982,600,545,9.0,17,5,649.04,family-campers,176,9,3
2026-03-29,problem-cold-feet | ugc-video | creator-10 | bau | sleeping-bag | lofi | 2026-03-01,120000000023,active,187.57,12267,9333,1.31,15.29,176,240,1.43,1.96,3236,1030,2265,1618,1164,711,647,4.1,18,6,608.52,weekend-hikers,137,8,3
2026-03-29,sale-bundle | carousel | house | promo | camp-stove | polished | 2026-03-09,120000000024,active,143.48,14886,10588,1.41,9.64,161,244,1.08,1.64,,,,,,,,,15,4,638.56,past-visitors,137,7,1
2026-03-29,new-drop-three | static | house | launch | day-pack | polished | 2026-03-19,120000000025,active,149.94,13970,11030,1.27,10.73,184,237,1.32,1.70,,,,,,,,,20,5,682.63,broad-prospecting,162,10,3
2026-03-29,social-proof-reviews | static | house | bau | rain-shell | polished | 2026-03-01,120000000026,active,122.65,10910,7823,1.39,11.24,231,315,2.12,2.89,,,,,,,,,22,8,1033.60,gear-upgraders,201,11,5
2026-03-29,partnership-camp | partnership | creator-11 | launch | water-bottle | lofi | 2026-03-19,120000000027,active,78.89,7071,5867,1.21,11.16,109,157,1.54,2.22,2040,747,1428,1020,734,448,408,8.9,12,5,374.13,broad-prospecting,94,6,2
2026-03-29,fix-it-yourself | ugc-video | creator-12 | bau | camp-stove | lofi | 2026-03-01,120000000028,active,124.52,9843,7846,1.25,12.65,160,216,1.63,2.19,2349,792,1644,1174,845,516,469,6.6,17,5,635.21,family-campers,143,7,4
2026-03-29,gift-guide-two | carousel | house | promo | day-pack | polished | 2026-03-11,120000000029,active,145.83,14299,11127,1.29,10.20,287,393,2.01,2.75,,,,,,,,,31,7,636.86,broad-prospecting,225,18,1
2026-03-29,new-drop-four | ugc-video | creator-13 | launch | headlamp | lofi | 2026-03-27,120000000030,active,156.80,9506,7212,1.32,16.49,82,112,0.86,1.18,2339,685,1637,1169,842,514,467,4.9,7,2,381.19,broad-prospecting,72,3,1
2026-03-30,durability-test | ugc-video | creator-01 | bau | trail-boot | lofi | 2026-03-01,120000000001,active,373.36,25333,7519,3.37,14.74,227,334,0.90,1.32,4509,1337,3156,2254,1623,991,901,8.1,25,7,765.55,weekend-hikers,187,12,3
2026-03-30,problem-first | ugc-video | creator-02 | bau | rain-shell | lofi | 2026-03-01,120000000002,active,96.40,9203,6611,1.39,10.47,150,211,1.63,2.29,2303,769,1612,1151,829,506,460,5.1,12,6,497.62,weekend-hikers,67,6,3
2026-03-30,social-proof | static | house | bau | day-pack | polished | 2026-03-01,120000000003,active,102.63,12345,9049,1.36,8.31,165,224,1.34,1.81,,,,,,,,,15,6,766.62,gear-upgraders,136,7,3
2026-03-30,sale-countdown | static | house | promo | tent-2p | polished | 2026-03-09,120000000004,active,122.32,9368,7444,1.26,13.06,153,200,1.63,2.13,,,,,,,,,13,6,918.49,past-visitors,137,6,2
2026-03-30,gift-guide | carousel | house | promo | headlamp | polished | 2026-03-09,120000000005,active,62.97,4486,3258,1.38,14.04,84,112,1.87,2.50,,,,,,,,,7,1,132.09,broad-prospecting,75,3,0
2026-03-30,founder-story | founder-video | founder | bau | trail-boot | lofi | 2026-03-01,120000000006,active,86.27,8252,6142,1.34,10.45,113,163,1.37,1.98,1635,569,1144,817,588,359,327,8.3,12,5,440.43,family-campers,90,5,2
2026-03-30,new-drop | carousel | house | launch | sleeping-bag | polished | 2026-03-06,120000000007,active,164.98,15952,11157,1.43,10.34,242,357,1.52,2.24,,,,,,,,,25,7,1038.02,broad-prospecting,210,13,5
2026-03-30,partnership-haul | partnership | creator-03 | bau | day-pack | lofi | 2026-03-01,120000000008,active,87.75,7039,5449,1.29,12.47,76,100,1.08,1.42,1711,540,1197,855,615,376,342,5.5,7,3,431.60,family-campers,62,4,2
2026-03-30,packing-list | carousel | house | bau | camp-stove | polished | 2026-03-01,120000000009,active,251.82,17040,12178,1.40,14.78,224,314,1.31,1.84,,,,,,,,,19,5,514.89,family-campers,191,8,3
2026-03-30,weather-ready | ugc-video | creator-04 | bau | rain-shell | lofi | 2026-03-01,120000000010,active,195.78,13256,10379,1.28,14.77,229,330,1.73,2.49,3383,1021,2368,1691,1217,744,676,5.0,19,5,607.56,weekend-hikers,198,9,3
2026-03-30,behind-the-seams | founder-video | founder | bau | tent-2p | lofi | 2026-03-01,120000000011,active,241.42,14799,11556,1.28,16.31,192,270,1.30,1.82,3376,,2363,1688,1215,742,675,5.9,18,9,1286.54,family-campers,161,9,5
2026-03-30,sale-percent-off | static | house | promo | sleeping-bag | polished | 2026-03-09,120000000012,active,137.32,11283,8229,1.37,12.17,98,138,0.87,1.22,,,,,,,,,9,4,323.16,past-visitors,84,5,1
2026-03-30,new-drop-two | carousel | house | launch | water-bottle | polished | 2026-03-13,120000000013,active,208.86,16395,11462,1.43,12.74,296,388,1.81,2.37,,,,,,,,,32,14,1325.46,broad-prospecting,242,18,6
2026-03-30,comparison | static | house | bau | headlamp | polished | 2026-03-01,120000000014,active,342.60,21624,14930,1.45,15.84,327,437,1.51,2.02,,,,,,,,,32,17,1772.72,gear-upgraders,274,17,8
2026-03-30,unboxing | ugc-video | creator-05 | launch | camp-stove | lofi | 2026-03-13,120000000015,active,286.87,18705,14118,1.32,15.34,258,328,1.38,1.75,4740,1838,3318,2370,1706,1042,948,7.8,27,6,763.78,broad-prospecting,228,16,3
2026-03-30,partnership-trail | partnership | creator-06 | promo | trail-boot | lofi | 2026-03-09,120000000016,active,100.17,6082,4740,1.28,16.47,109,149,1.79,2.45,1727,520,1208,863,621,379,345,5.3,9,5,512.49,broad-prospecting,93,5,1
2026-03-30,guarantee | static | house | bau | water-bottle | polished | 2026-03-01,120000000017,active,130.85,9610,6845,1.40,13.62,25,34,0.26,0.35,,,,,,,,,2,0,0.00,gear-upgraders,20,0,0
2026-03-30,before-after | ugc-video | creator-07 | bau | day-pack | lofi | 2026-03-01,120000000018,active,142.34,13360,10282,1.30,10.65,152,224,1.14,1.68,3748,1265,2623,1874,1349,824,749,5.0,14,4,496.34,weekend-hikers,134,8,2
2026-03-30,sale-last-chance | ugc-video | creator-08 | promo | rain-shell | lofi | 2026-03-16,120000000019,active,146.78,13423,10420,1.29,10.93,141,206,1.05,1.53,3467,1099,2426,1733,1248,762,693,4.4,12,6,840.06,past-visitors,117,6,1
2026-03-30,founder-note | founder-video | founder | launch | headlamp | lofi | 2026-03-16,120000000020,active,338.37,22413,17097,1.31,15.10,254,367,1.13,1.64,5599,1963,3919,2799,2015,1231,1119,5.6,21,9,1311.35,broad-prospecting,201,10,5
2026-03-30,staff-picks | carousel | house | bau | trail-boot | polished | 2026-03-01,120000000021,active,268.86,22781,15813,1.44,11.80,409,563,1.80,2.47,,,,,,,,,39,17,3211.06,gear-upgraders,326,20,11
2026-03-30,trail-diary | partnership | creator-09 | bau | tent-2p | lofi | 2026-03-01,120000000022,active,130.41,12854,10261,1.25,10.15,186,275,1.45,2.14,3451,1102,2415,1725,1242,759,690,6.2,17,5,644.49,family-campers,162,8,2
2026-03-30,problem-cold-feet | ugc-video | creator-10 | bau | sleeping-bag | lofi | 2026-03-01,120000000023,active,189.90,11722,8744,1.34,16.20,226,305,1.93,2.60,3576,1255,2503,1788,1287,786,715,8.0,21,4,428.89,weekend-hikers,186,10,3
2026-03-30,sale-bundle | carousel | house | promo | camp-stove | polished | 2026-03-09,120000000024,active,142.68,14119,9851,1.43,10.11,188,264,1.33,1.87,,,,,,,,,21,7,883.73,past-visitors,148,11,2
2026-03-30,new-drop-three | static | house | launch | day-pack | polished | 2026-03-19,120000000025,active,137.42,12310,9593,1.28,11.16,190,250,1.54,2.03,,,,,,,,,19,7,1015.97,broad-prospecting,149,9,5
2026-03-30,social-proof-reviews | static | house | bau | rain-shell | polished | 2026-03-01,120000000026,active,104.63,10074,7076,1.42,10.39,174,229,1.73,2.27,,,,,,,,,17,3,392.53,gear-upgraders,142,9,2
2026-03-30,partnership-camp | partnership | creator-11 | launch | water-bottle | lofi | 2026-03-19,120000000027,active,74.97,6677,5487,1.22,11.23,114,166,1.71,2.49,1720,655,1204,860,619,378,344,5.0,13,3,276.67,broad-prospecting,100,6,2
2026-03-30,fix-it-yourself | ugc-video | creator-12 | bau | camp-stove | lofi | 2026-03-01,120000000028,active,76.09,7028,5370,1.31,10.83,117,159,1.66,2.26,1775,598,1242,887,639,390,355,6.7,11,2,250.51,family-campers,94,5,1
2026-03-30,gift-guide-two | carousel | house | promo | day-pack | polished | 2026-03-11,120000000029,active,134.87,14951,11148,1.34,9.02,283,388,1.89,2.60,,,,,,,,,31,6,709.78,broad-prospecting,251,17,2
2026-03-30,new-drop-four | ugc-video | creator-13 | launch | headlamp | lofi | 2026-03-27,120000000030,active,164.23,9723,7547,1.29,16.89,89,128,0.92,1.32,2504,768,1752,1252,901,550,500,7.9,8,2,292.47,broad-prospecting,71,4,1
